region	chr	midPos	Nsites
region	chr	midPos	Nsites
(19259,58732)(20323,59999)(20000,60000)	NC_037122.1f5t9	40000	39475	0.038361
(38759,75507)(40000,78619)(40000,80000)	NC_037122.1f5t9	60000	36750	0.065842
(58733,89927)(60000,99999)(60000,100000)	NC_037122.1f5t9	80000	31196	0.049350
(75508,106902)(81719,119999)(80000,120000)	NC_037122.1f5t9	100000	31396	0.043400
(89928,126855)(100000,139999)(100000,140000)	NC_037122.1f5t9	120000	36929	0.084071
(106903,146757)(120000,159999)(120000,160000)	NC_037122.1f5t9	140000	39856	0.082824
(126856,163910)(140000,179999)(140000,180000)	NC_037122.1f5t9	160000	37056	0.067707
(146758,183831)(160000,199999)(160000,200000)	NC_037122.1f5t9	180000	37075	0.070251
(163911,203745)(180000,219999)(180000,220000)	NC_037122.1f5t9	200000	39836	0.063210
(183832,223589)(200000,239999)(200000,240000)	NC_037122.1f5t9	220000	39759	0.071010
(203746,239775)(220000,259999)(220000,260000)	NC_037122.1f5t9	240000	36031	0.070454
(223590,257322)(240000,279999)(240000,280000)	NC_037122.1f5t9	260000	33734	0.068998
(239776,268803)(260000,291509)(260000,300000)	NC_037122.1f5t9	280000	29029	0.067821
(257323,285906)(280000,319999)(280000,320000)	NC_037122.1f5t9	300000	28585	0.051076
(268804,305700)(301875,339999)(300000,340000)	NC_037122.1f5t9	320000	36898	0.045831
(285907,325445)(320000,359999)(320000,360000)	NC_037122.1f5t9	340000	39540	0.038057
(305701,342319)(340000,376877)(340000,380000)	NC_037122.1f5t9	360000	36620	0.050784
(325446,346782)(360000,399222)(360000,400000)	NC_037122.1f5t9	380000	21338	0.060804
(342320,364585)(394726,419999)(380000,420000)	NC_037122.1f5t9	400000	22267	0.048261
(346783,384572)(402080,439999)(400000,440000)	NC_037122.1f5t9	420000	37791	0.046336
(364586,404560)(420000,459999)(420000,460000)	NC_037122.1f5t9	440000	39976	0.044966
(384573,424554)(440000,479999)(440000,480000)	NC_037122.1f5t9	460000	39983	0.053334
(404561,442067)(460000,499999)(460000,500000)	NC_037122.1f5t9	480000	37508	0.045641
(424555,455608)(480000,519125)(480000,520000)	NC_037122.1f5t9	500000	31055	0.035728
(442068,472127)(500000,539999)(500000,540000)	NC_037122.1f5t9	520000	30061	0.055990
(455609,492074)(521473,559999)(520000,560000)	NC_037122.1f5t9	540000	36467	0.080710
(472128,511721)(540000,579999)(540000,580000)	NC_037122.1f5t9	560000	39595	0.070886
(492075,531674)(560000,599999)(560000,600000)	NC_037122.1f5t9	580000	39601	0.050952
(511722,550999)(580000,619999)(580000,620000)	NC_037122.1f5t9	600000	39279	0.034644
(531675,570937)(600000,639999)(600000,640000)	NC_037122.1f5t9	620000	39264	0.034164
(551000,590855)(620000,659999)(620000,660000)	NC_037122.1f5t9	640000	39857	0.018397
(570938,607965)(640000,679999)(640000,680000)	NC_037122.1f5t9	660000	37029	0.016169
(590856,627926)(660000,699999)(660000,700000)	NC_037122.1f5t9	680000	37072	0.034776
(607966,647885)(680000,719999)(680000,720000)	NC_037122.1f5t9	700000	39921	0.030807
(627927,667770)(700000,739999)(700000,740000)	NC_037122.1f5t9	720000	39845	0.038092
(647886,687676)(720000,759999)(720000,760000)	NC_037122.1f5t9	740000	39792	0.049607
(667771,707519)(740000,779999)(740000,780000)	NC_037122.1f5t9	760000	39750	0.037593
(687677,727497)(760000,799999)(760000,800000)	NC_037122.1f5t9	780000	39822	0.029896
(707520,744639)(780000,819999)(780000,820000)	NC_037122.1f5t9	800000	37121	0.029484
(727498,764559)(800000,839999)(800000,840000)	NC_037122.1f5t9	820000	37063	0.025268
(744640,784550)(820000,859999)(820000,860000)	NC_037122.1f5t9	840000	39912	0.035337
(764560,804527)(840000,879999)(840000,880000)	NC_037122.1f5t9	860000	39969	0.046884
(784551,824444)(860000,899999)(860000,900000)	NC_037122.1f5t9	880000	39895	0.050303
(804528,844102)(880000,919999)(880000,920000)	NC_037122.1f5t9	900000	39576	0.051359
(824445,864060)(900000,939999)(900000,940000)	NC_037122.1f5t9	920000	39617	0.026005
(844103,883975)(920000,959999)(920000,960000)	NC_037122.1f5t9	940000	39874	0.025956
(864061,903949)(940000,979999)(940000,980000)	NC_037122.1f5t9	960000	39890	0.048626
(883976,923786)(960000,999999)(960000,1000000)	NC_037122.1f5t9	980000	39812	0.067473
(903950,943763)(980000,1019999)(980000,1020000)	NC_037122.1f5t9	1000000	39815	0.040997
(923787,963752)(1000000,1039999)(1000000,1040000)	NC_037122.1f5t9	1020000	39967	0.034753
(943764,983452)(1020000,1059999)(1020000,1060000)	NC_037122.1f5t9	1040000	39690	0.032187
(963753,1003402)(1040000,1079999)(1040000,1080000)	NC_037122.1f5t9	1060000	39651	0.025020
(983453,1016966)(1060000,1099999)(1060000,1100000)	NC_037122.1f5t9	1080000	33515	0.035409
(1003403,1029035)(1080000,1119999)(1080000,1120000)	NC_037122.1f5t9	1100000	25634	0.034306
(1016967,1041679)(1100000,1139999)(1100000,1140000)	NC_037122.1f5t9	1120000	24714	0.028922
(1029036,1061544)(1120000,1159999)(1120000,1160000)	NC_037122.1f5t9	1140000	32510	0.028988
(1041680,1080612)(1140000,1179999)(1140000,1180000)	NC_037122.1f5t9	1160000	38934	0.032062
(1061545,1100587)(1160000,1199999)(1160000,1200000)	NC_037122.1f5t9	1180000	39044	0.031211
(1080613,1119159)(1180000,1219999)(1180000,1220000)	NC_037122.1f5t9	1200000	38548	0.035157
(1100588,1139150)(1200000,1239999)(1200000,1240000)	NC_037122.1f5t9	1220000	38564	0.043028
(1119160,1159096)(1220000,1259999)(1220000,1260000)	NC_037122.1f5t9	1240000	39938	0.040285
(1139151,1177379)(1240000,1279999)(1240000,1280000)	NC_037122.1f5t9	1260000	38230	0.034039
(1159097,1197208)(1260000,1299999)(1260000,1300000)	NC_037122.1f5t9	1280000	38113	0.047534
(1177380,1217144)(1280000,1319999)(1280000,1320000)	NC_037122.1f5t9	1300000	39766	0.051335
(1197209,1236662)(1300000,1339999)(1300000,1340000)	NC_037122.1f5t9	1320000	39455	0.042709
(1217145,1256642)(1320000,1359999)(1320000,1360000)	NC_037122.1f5t9	1340000	39499	0.020551
(1236663,1275792)(1340000,1379999)(1340000,1380000)	NC_037122.1f5t9	1360000	39131	0.023590
(1256643,1292824)(1360000,1399999)(1360000,1400000)	NC_037122.1f5t9	1380000	36183	0.047079
(1275793,1310203)(1380000,1419999)(1380000,1420000)	NC_037122.1f5t9	1400000	34412	0.045458
(1292825,1330165)(1400000,1439999)(1400000,1440000)	NC_037122.1f5t9	1420000	37342	0.053988
(1310204,1349534)(1420000,1459999)(1420000,1460000)	NC_037122.1f5t9	1440000	39332	0.050249
(1330166,1365626)(1440000,1479999)(1440000,1480000)	NC_037122.1f5t9	1460000	35462	0.032683
(1349535,1385598)(1460000,1499999)(1460000,1500000)	NC_037122.1f5t9	1480000	36065	0.030486
(1365627,1405504)(1480000,1519999)(1480000,1520000)	NC_037122.1f5t9	1500000	39879	0.036568
(1385599,1419253)(1500000,1539999)(1500000,1540000)	NC_037122.1f5t9	1520000	33656	0.047898
(1405505,1436250)(1520000,1559999)(1520000,1560000)	NC_037122.1f5t9	1540000	30747	0.062251
(1419254,1454058)(1540000,1579999)(1540000,1580000)	NC_037122.1f5t9	1560000	34806	0.054959
(1436251,1470495)(1560000,1599999)(1560000,1600000)	NC_037122.1f5t9	1580000	34246	0.039128
(1454059,1487029)(1580000,1619999)(1580000,1620000)	NC_037122.1f5t9	1600000	32972	0.045572
(1470496,1507023)(1600000,1639999)(1600000,1640000)	NC_037122.1f5t9	1620000	36529	0.055855
(1487030,1526002)(1620000,1659999)(1620000,1660000)	NC_037122.1f5t9	1640000	38974	0.054025
(1507024,1544896)(1640000,1679999)(1640000,1680000)	NC_037122.1f5t9	1660000	37874	0.042570
(1526003,1564881)(1660000,1699999)(1660000,1700000)	NC_037122.1f5t9	1680000	38880	0.045084
(1544897,1584698)(1680000,1719999)(1680000,1720000)	NC_037122.1f5t9	1700000	39803	0.054055
(1564882,1600755)(1700000,1739999)(1700000,1740000)	NC_037122.1f5t9	1720000	35875	0.056606
(1584699,1620479)(1720000,1759999)(1720000,1760000)	NC_037122.1f5t9	1740000	35782	0.046192
(1600756,1640466)(1740000,1779999)(1740000,1780000)	NC_037122.1f5t9	1760000	39712	0.038647
(1620480,1660186)(1760000,1799999)(1760000,1800000)	NC_037122.1f5t9	1780000	39708	0.070027
(1640467,1679868)(1780000,1819999)(1780000,1820000)	NC_037122.1f5t9	1800000	39403	0.078569
(1660187,1699806)(1800000,1839999)(1800000,1840000)	NC_037122.1f5t9	1820000	39621	0.070133
(1679869,1719773)(1820000,1859999)(1820000,1860000)	NC_037122.1f5t9	1840000	39906	0.082979
(1699807,1739351)(1840000,1879960)(1840000,1880000)	NC_037122.1f5t9	1860000	39546	0.074636
(1719774,1758972)(1860000,1899999)(1860000,1900000)	NC_037122.1f5t9	1880000	39200	0.061139
(1739352,1778906)(1880044,1919999)(1880000,1920000)	NC_037122.1f5t9	1900000	39556	0.064203
(1758973,1798892)(1900000,1939999)(1900000,1940000)	NC_037122.1f5t9	1920000	39921	0.066736
(1778907,1815207)(1920000,1959999)(1920000,1960000)	NC_037122.1f5t9	1940000	36302	0.057644
(1798893,1835174)(1940000,1979999)(1940000,1980000)	NC_037122.1f5t9	1960000	36283	0.042268
(1815208,1855123)(1960000,1999999)(1960000,2000000)	NC_037122.1f5t9	1980000	39917	0.049926
(1835175,1875055)(1980000,2019999)(1980000,2020000)	NC_037122.1f5t9	2000000	39882	0.051118
(1855124,1894139)(2000000,2039999)(2000000,2040000)	NC_037122.1f5t9	2020000	39017	0.056033
(1875056,1914079)(2020000,2059999)(2020000,2060000)	NC_037122.1f5t9	2040000	39025	0.070140
(1894140,1931275)(2040000,2079999)(2040000,2080000)	NC_037122.1f5t9	2060000	37137	0.064995
(1914080,1951234)(2060000,2099999)(2060000,2100000)	NC_037122.1f5t9	2080000	37156	0.055670
(1931276,1967153)(2080000,2115995)(2080000,2120000)	NC_037122.1f5t9	2100000	35879	0.060140
(1951235,1981253)(2100000,2139999)(2100000,2140000)	NC_037122.1f5t9	2120000	30020	0.064446
(1967154,1999146)(2120874,2159999)(2120000,2160000)	NC_037122.1f5t9	2140000	31994	0.052237
(1981254,2017666)(2140000,2179365)(2140000,2180000)	NC_037122.1f5t9	2160000	36414	0.059472
(1999147,2036600)(2160000,2199999)(2160000,2200000)	NC_037122.1f5t9	2180000	37455	0.052766
(2017667,2056122)(2180373,2219999)(2180000,2220000)	NC_037122.1f5t9	2200000	38457	0.056485
(2036601,2076079)(2200000,2239999)(2200000,2240000)	NC_037122.1f5t9	2220000	39480	0.070875
(2056123,2095389)(2220000,2259999)(2220000,2260000)	NC_037122.1f5t9	2240000	39268	0.040709
(2076080,2114754)(2240000,2279999)(2240000,2280000)	NC_037122.1f5t9	2260000	38676	0.046161
(2095390,2134708)(2260000,2299999)(2260000,2300000)	NC_037122.1f5t9	2280000	39320	0.076261
(2114755,2152589)(2280000,2318297)(2280000,2320000)	NC_037122.1f5t9	2300000	37836	0.087078
(2134709,2170713)(2300000,2339999)(2300000,2340000)	NC_037122.1f5t9	2320000	36006	0.056227
(2152590,2190341)(2320488,2359999)(2320000,2360000)	NC_037122.1f5t9	2340000	37753	0.043246
(2170714,2210325)(2340000,2379999)(2340000,2380000)	NC_037122.1f5t9	2360000	39613	0.052096
(2190342,2225001)(2360000,2399999)(2360000,2400000)	NC_037122.1f5t9	2380000	34661	0.052844
(2210326,2244950)(2380000,2419999)(2380000,2420000)	NC_037122.1f5t9	2400000	34626	0.031056
(2225002,2264613)(2400000,2439999)(2400000,2440000)	NC_037122.1f5t9	2420000	39613	0.046292
(2244951,2284511)(2420000,2459999)(2420000,2460000)	NC_037122.1f5t9	2440000	39562	0.061016
(2264614,2303464)(2440000,2479999)(2440000,2480000)	NC_037122.1f5t9	2460000	38852	0.052423
(2284512,2323252)(2460000,2499999)(2460000,2500000)	NC_037122.1f5t9	2480000	38742	0.047490
(2303465,2343179)(2480000,2519999)(2480000,2520000)	NC_037122.1f5t9	2500000	39716	0.045204
(2323253,2362986)(2500000,2539999)(2500000,2540000)	NC_037122.1f5t9	2520000	39735	0.054487
(2343180,2382860)(2520000,2559999)(2520000,2560000)	NC_037122.1f5t9	2540000	39682	0.049002
(2362987,2402838)(2540000,2579999)(2540000,2580000)	NC_037122.1f5t9	2560000	39853	0.040804
(2382861,2422382)(2560000,2599999)(2560000,2600000)	NC_037122.1f5t9	2580000	39523	0.076474
(2402839,2440458)(2580000,2619999)(2580000,2620000)	NC_037122.1f5t9	2600000	37621	0.076929
(2422383,2459603)(2600000,2639999)(2600000,2640000)	NC_037122.1f5t9	2620000	37222	0.051777
(2440459,2473967)(2620000,2659999)(2620000,2660000)	NC_037122.1f5t9	2640000	33510	0.053202
(2459604,2485554)(2640000,2679999)(2640000,2680000)	NC_037122.1f5t9	2660000	25952	0.029296
(2473968,2504716)(2660000,2699999)(2660000,2700000)	NC_037122.1f5t9	2680000	30750	0.024997
(2485555,2524175)(2680000,2719999)(2680000,2720000)	NC_037122.1f5t9	2700000	38622	0.063988
(2504717,2542799)(2700000,2739999)(2700000,2740000)	NC_037122.1f5t9	2720000	38084	0.065431
(2524176,2561482)(2720000,2759999)(2720000,2760000)	NC_037122.1f5t9	2740000	37308	0.049162
(2542800,2581343)(2740000,2779999)(2740000,2780000)	NC_037122.1f5t9	2760000	38545	0.042205
(2561483,2601024)(2760000,2799999)(2760000,2800000)	NC_037122.1f5t9	2780000	39543	0.039813
(2581344,2620607)(2780000,2819999)(2780000,2820000)	NC_037122.1f5t9	2800000	39265	0.043616
(2601025,2640498)(2800000,2839999)(2800000,2840000)	NC_037122.1f5t9	2820000	39475	0.055041
(2620608,2660358)(2820000,2859999)(2820000,2860000)	NC_037122.1f5t9	2840000	39752	0.054797
(2640499,2680196)(2840000,2879999)(2840000,2880000)	NC_037122.1f5t9	2860000	39699	0.075288
(2660359,2700076)(2860000,2899999)(2860000,2900000)	NC_037122.1f5t9	2880000	39719	0.085234
(2680197,2719974)(2880000,2919999)(2880000,2920000)	NC_037122.1f5t9	2900000	39779	0.074130
(2700077,2739849)(2900000,2939999)(2900000,2940000)	NC_037122.1f5t9	2920000	39774	0.050640
(2719975,2759626)(2920000,2959999)(2920000,2960000)	NC_037122.1f5t9	2940000	39653	0.054232
(2739850,2779610)(2940000,2979999)(2940000,2980000)	NC_037122.1f5t9	2960000	39762	0.061445
(2759627,2799566)(2960000,2999999)(2960000,3000000)	NC_037122.1f5t9	2980000	39941	0.057253
(2779611,2819520)(2980000,3019999)(2980000,3020000)	NC_037122.1f5t9	3000000	39911	0.067666
(2799567,2838361)(3000000,3039999)(3000000,3040000)	NC_037122.1f5t9	3020000	38796	0.060340
(2819521,2856114)(3020000,3059999)(3020000,3060000)	NC_037122.1f5t9	3040000	36595	0.042350
(2838362,2875831)(3040000,3079999)(3040000,3080000)	NC_037122.1f5t9	3060000	37471	0.054786
(2856115,2894243)(3060000,3099999)(3060000,3100000)	NC_037122.1f5t9	3080000	38130	0.079181
(2875832,2914175)(3080000,3119999)(3080000,3120000)	NC_037122.1f5t9	3100000	38345	0.052600
(2894244,2931484)(3100000,3139852)(3100000,3140000)	NC_037122.1f5t9	3120000	37242	0.027262
(2914176,2942665)(3120000,3159999)(3120000,3160000)	NC_037122.1f5t9	3140000	28491	0.031405
(2931485,2957982)(3141437,3179890)(3140000,3180000)	NC_037122.1f5t9	3160000	26499	0.043392
(2942666,2976107)(3160000,3199999)(3160000,3200000)	NC_037122.1f5t9	3180000	33443	0.033003
(2957983,2995747)(3180339,3219999)(3180000,3220000)	NC_037122.1f5t9	3200000	37766	0.036079
(2976108,3015722)(3200000,3239999)(3200000,3240000)	NC_037122.1f5t9	3220000	39616	0.034112
(2995748,3035602)(3220000,3259999)(3220000,3260000)	NC_037122.1f5t9	3240000	39856	0.036842
(3015723,3054125)(3240000,3279999)(3240000,3280000)	NC_037122.1f5t9	3260000	38404	0.048914
(3035603,3073996)(3260000,3299999)(3260000,3300000)	NC_037122.1f5t9	3280000	38395	0.045848
(3054126,3093891)(3280000,3319999)(3280000,3320000)	NC_037122.1f5t9	3300000	39767	0.038390
(3073997,3111001)(3300000,3339999)(3300000,3340000)	NC_037122.1f5t9	3320000	37006	0.043707
(3093892,3125358)(3320000,3359973)(3320000,3360000)	NC_037122.1f5t9	3340000	31468	0.050277
(3111002,3144843)(3340000,3379865)(3340000,3380000)	NC_037122.1f5t9	3360000	33843	0.043288
(3125359,3161621)(3360169,3399999)(3360000,3400000)	NC_037122.1f5t9	3380000	36264	0.047349
(3144844,3180434)(3383140,3419159)(3380000,3420000)	NC_037122.1f5t9	3400000	35592	0.052595
(3161622,3198424)(3400000,3439999)(3400000,3440000)	NC_037122.1f5t9	3420000	36804	0.037848
(3180435,3214539)(3420905,3459999)(3420000,3460000)	NC_037122.1f5t9	3440000	34106	0.040843
(3198425,3234414)(3440000,3479999)(3440000,3480000)	NC_037122.1f5t9	3460000	35991	0.042273
(3214540,3251165)(3460000,3497421)(3460000,3500000)	NC_037122.1f5t9	3480000	36627	0.044974
(3234415,3266547)(3480000,3519999)(3480000,3520000)	NC_037122.1f5t9	3500000	32134	0.049371
(3251166,3286267)(3500452,3539999)(3500000,3540000)	NC_037122.1f5t9	3520000	35103	0.053330
(3266548,3304202)(3520000,3559999)(3520000,3560000)	NC_037122.1f5t9	3540000	37656	0.049223
(3286268,3324080)(3540000,3579999)(3540000,3580000)	NC_037122.1f5t9	3560000	37814	0.048097
(3304203,3343863)(3560000,3599999)(3560000,3600000)	NC_037122.1f5t9	3580000	39662	0.043452
(3324081,3363627)(3580000,3619999)(3580000,3620000)	NC_037122.1f5t9	3600000	39548	0.041544
(3343864,3379592)(3600000,3639999)(3600000,3640000)	NC_037122.1f5t9	3620000	35730	0.054037
(3363628,3399502)(3620000,3659999)(3620000,3660000)	NC_037122.1f5t9	3640000	35876	0.047870
(3379593,3419345)(3640000,3679999)(3640000,3680000)	NC_037122.1f5t9	3660000	39754	0.054745
(3399503,3438415)(3660000,3699999)(3660000,3700000)	NC_037122.1f5t9	3680000	38914	0.059488
(3419346,3458307)(3680000,3719999)(3680000,3720000)	NC_037122.1f5t9	3700000	38963	0.040502
(3438416,3477986)(3700000,3739999)(3700000,3740000)	NC_037122.1f5t9	3720000	39572	0.045483
(3458308,3497918)(3720000,3759999)(3720000,3760000)	NC_037122.1f5t9	3740000	39612	0.051846
(3477987,3514859)(3740000,3779999)(3740000,3780000)	NC_037122.1f5t9	3760000	36874	0.034356
(3497919,3532429)(3760000,3799999)(3760000,3800000)	NC_037122.1f5t9	3780000	34512	0.027421
(3514860,3552276)(3780000,3819999)(3780000,3820000)	NC_037122.1f5t9	3800000	37418	0.032718
(3532430,3571217)(3800000,3839999)(3800000,3840000)	NC_037122.1f5t9	3820000	38789	0.041451
(3552277,3591026)(3820000,3859999)(3820000,3860000)	NC_037122.1f5t9	3840000	38751	0.037630
(3571218,3610843)(3840000,3879999)(3840000,3880000)	NC_037122.1f5t9	3860000	39627	0.030468
(3591027,3630639)(3860000,3899999)(3860000,3900000)	NC_037122.1f5t9	3880000	39614	0.027944
(3610844,3650011)(3880000,3919778)(3880000,3920000)	NC_037122.1f5t9	3900000	39169	0.045747
(3630640,3665521)(3900000,3939999)(3900000,3940000)	NC_037122.1f5t9	3920000	34883	0.051205
(3650012,3682364)(3920963,3959999)(3920000,3960000)	NC_037122.1f5t9	3940000	32354	0.045973
(3665522,3701919)(3940000,3979999)(3940000,3980000)	NC_037122.1f5t9	3960000	36399	0.028869
(10810,37945)(20000,59999)(20000,60000)	NC_037123.1f10t14	40000	27137	0.008379
(26181,57158)(40000,79853)(40000,80000)	NC_037123.1f10t14	60000	30979	0.013010
(37946,75444)(60000,99999)(60000,100000)	NC_037123.1f10t14	80000	37500	0.026139
(57159,91043)(80173,119999)(80000,120000)	NC_037123.1f10t14	100000	33886	0.026167
(75445,106971)(100000,139999)(100000,140000)	NC_037123.1f10t14	120000	31528	0.017707
(91044,124844)(120000,159999)(120000,160000)	NC_037123.1f10t14	140000	33802	0.007161
(106972,137846)(140000,179841)(140000,180000)	NC_037123.1f10t14	160000	30876	0.005653
(124845,153940)(160000,198887)(160000,200000)	NC_037123.1f10t14	180000	29097	0.009341
(137847,161591)(180111,219999)(180000,220000)	NC_037123.1f10t14	200000	23746	0.011106
(153941,181523)(200835,239999)(200000,240000)	NC_037123.1f10t14	220000	27584	0.013376
(161592,201382)(220000,259999)(220000,260000)	NC_037123.1f10t14	240000	39792	0.010092
(181524,221240)(240000,279999)(240000,280000)	NC_037123.1f10t14	260000	39718	0.019019
(201383,240990)(260000,299999)(260000,300000)	NC_037123.1f10t14	280000	39609	0.029614
(221241,256168)(280000,319999)(280000,320000)	NC_037123.1f10t14	300000	34929	0.022934
(240991,276021)(300000,339999)(300000,340000)	NC_037123.1f10t14	320000	35032	0.024421
(256169,295316)(320000,359999)(320000,360000)	NC_037123.1f10t14	340000	39149	0.024012
(276022,315206)(340000,379999)(340000,380000)	NC_037123.1f10t14	360000	39186	0.011453
(295317,335155)(360000,399999)(360000,400000)	NC_037123.1f10t14	380000	39840	0.012615
(315207,354382)(380000,419999)(380000,420000)	NC_037123.1f10t14	400000	39177	0.015195
(335156,373981)(400000,439999)(400000,440000)	NC_037123.1f10t14	420000	38827	0.019973
(354383,379889)(420000,452363)(420000,460000)	NC_037123.1f10t14	440000	25508	0.021707
(373982,381240)(440000,477898)(440000,480000)	NC_037123.1f10t14	460000	7260	0.009820
(379890,395740)(466881,499999)(460000,500000)	NC_037123.1f10t14	480000	15852	0.026576
(381241,415360)(485492,519999)(480000,520000)	NC_037123.1f10t14	500000	34121	0.032279
(395741,428376)(500000,539999)(500000,540000)	NC_037123.1f10t14	520000	32637	0.008494
(415361,447007)(520000,559999)(520000,560000)	NC_037123.1f10t14	540000	31648	0.006955
(428377,464115)(540000,579999)(540000,580000)	NC_037123.1f10t14	560000	35740	0.016136
(447008,482924)(560000,599999)(560000,600000)	NC_037123.1f10t14	580000	35918	0.029559
(464116,502751)(580000,619999)(580000,620000)	NC_037123.1f10t14	600000	38637	0.040857
(482925,521413)(600000,639999)(600000,640000)	NC_037123.1f10t14	620000	38490	0.025971
(502752,541200)(620000,659999)(620000,660000)	NC_037123.1f10t14	640000	38450	0.021759
(521414,559741)(640000,679999)(640000,680000)	NC_037123.1f10t14	660000	38329	0.005165
(541201,579120)(660000,699999)(660000,700000)	NC_037123.1f10t14	680000	37921	-0.000318
(559742,599060)(680000,719999)(680000,720000)	NC_037123.1f10t14	700000	39320	0.003290
(579121,615534)(700000,739999)(700000,740000)	NC_037123.1f10t14	720000	36415	0.012651
(599061,635428)(720000,759999)(720000,760000)	NC_037123.1f10t14	740000	36369	0.016745
(615535,653443)(740000,779999)(740000,780000)	NC_037123.1f10t14	760000	37910	0.025409
(635429,658702)(760000,799999)(760000,800000)	NC_037123.1f10t14	780000	23275	0.030005
(653444,671328)(780000,819871)(780000,820000)	NC_037123.1f10t14	800000	17886	0.023907
(658703,684864)(800000,839999)(800000,840000)	NC_037123.1f10t14	820000	26163	0.019503
(671329,704761)(820721,859999)(820000,860000)	NC_037123.1f10t14	840000	33434	0.014694
(684865,721246)(840000,879586)(840000,880000)	NC_037123.1f10t14	860000	36383	0.023454
(704762,737667)(860000,899999)(860000,900000)	NC_037123.1f10t14	880000	32907	0.018740
(721247,754771)(880500,919999)(880000,920000)	NC_037123.1f10t14	900000	33526	0.013780
(737668,770616)(900000,939999)(900000,940000)	NC_037123.1f10t14	920000	32950	0.018962
(754772,784555)(920000,959999)(920000,960000)	NC_037123.1f10t14	940000	29785	0.013689
(770617,803846)(940000,979999)(940000,980000)	NC_037123.1f10t14	960000	33231	0.015391
(784556,822398)(960000,999999)(960000,1000000)	NC_037123.1f10t14	980000	37844	0.016868
(803847,839029)(980000,1019999)(980000,1020000)	NC_037123.1f10t14	1000000	35184	0.013695
(822399,857396)(1000000,1039999)(1000000,1040000)	NC_037123.1f10t14	1020000	34999	0.018661
(839030,874754)(1020000,1059999)(1020000,1060000)	NC_037123.1f10t14	1040000	35726	0.014655
(857397,894404)(1040000,1079999)(1040000,1080000)	NC_037123.1f10t14	1060000	37009	0.017060
(874755,913628)(1060000,1099999)(1060000,1100000)	NC_037123.1f10t14	1080000	38875	0.018532
(894405,933544)(1080000,1119999)(1080000,1120000)	NC_037123.1f10t14	1100000	39141	0.018770
(913629,953474)(1100000,1139999)(1100000,1140000)	NC_037123.1f10t14	1120000	39847	0.024627
(933545,972315)(1120000,1159999)(1120000,1160000)	NC_037123.1f10t14	1140000	38772	0.018182
(953475,991754)(1140000,1179999)(1140000,1180000)	NC_037123.1f10t14	1160000	38281	0.022467
(972316,1010029)(1160000,1199999)(1160000,1200000)	NC_037123.1f10t14	1180000	37715	0.025095
(991755,1029966)(1180000,1219999)(1180000,1220000)	NC_037123.1f10t14	1200000	38213	0.021920
(1010030,1049819)(1200000,1239999)(1200000,1240000)	NC_037123.1f10t14	1220000	39791	0.022887
(1029967,1069739)(1220000,1259999)(1220000,1260000)	NC_037123.1f10t14	1240000	39774	0.030379
(1049820,1083286)(1240000,1276147)(1240000,1280000)	NC_037123.1f10t14	1260000	33468	0.031577
(1069740,1099410)(1260000,1299999)(1260000,1300000)	NC_037123.1f10t14	1280000	29672	0.008607
(1083287,1114965)(1282079,1319999)(1280000,1320000)	NC_037123.1f10t14	1300000	31680	0.005292
(1099411,1134937)(1300000,1339999)(1300000,1340000)	NC_037123.1f10t14	1320000	35528	0.018575
(1114966,1154803)(1320000,1359999)(1320000,1360000)	NC_037123.1f10t14	1340000	39839	0.026236
(1134938,1170644)(1340000,1379999)(1340000,1380000)	NC_037123.1f10t14	1360000	35708	0.020705
(1154804,1190470)(1360000,1399999)(1360000,1400000)	NC_037123.1f10t14	1380000	35668	0.018503
(1170645,1210285)(1380000,1419999)(1380000,1420000)	NC_037123.1f10t14	1400000	39642	0.024969
(1190471,1230255)(1400000,1439999)(1400000,1440000)	NC_037123.1f10t14	1420000	39786	0.019326
(1210286,1248214)(1420000,1459999)(1420000,1460000)	NC_037123.1f10t14	1440000	37930	0.018511
(1230256,1267526)(1440000,1479999)(1440000,1480000)	NC_037123.1f10t14	1460000	37272	0.018395
(1248215,1287447)(1460000,1499999)(1460000,1500000)	NC_037123.1f10t14	1480000	39234	0.013661
(1267527,1307407)(1480000,1519999)(1480000,1520000)	NC_037123.1f10t14	1500000	39882	0.018740
(1287448,1323689)(1500000,1539999)(1500000,1540000)	NC_037123.1f10t14	1520000	36243	0.018441
(1307408,1340938)(1520000,1559999)(1520000,1560000)	NC_037123.1f10t14	1540000	33532	0.019296
(1323690,1359367)(1540000,1579999)(1540000,1580000)	NC_037123.1f10t14	1560000	35679	0.026292
(1340939,1378066)(1560000,1599999)(1560000,1600000)	NC_037123.1f10t14	1580000	37129	0.022743
(1359368,1390564)(1580000,1619999)(1580000,1620000)	NC_037123.1f10t14	1600000	31198	0.033519
(1378067,1409718)(1600000,1639999)(1600000,1640000)	NC_037123.1f10t14	1620000	31653	0.038516
(1390565,1429519)(1620000,1659999)(1620000,1660000)	NC_037123.1f10t14	1640000	38956	0.038231
(1409719,1449105)(1640000,1679999)(1640000,1680000)	NC_037123.1f10t14	1660000	39388	0.031355
(1429520,1468822)(1660000,1699999)(1660000,1700000)	NC_037123.1f10t14	1680000	39304	0.019977
(1449106,1480575)(1680000,1719999)(1680000,1720000)	NC_037123.1f10t14	1700000	31471	0.008747
(1468823,1495088)(1700000,1739996)(1700000,1740000)	NC_037123.1f10t14	1720000	26267	0.011404
(1480576,1514474)(1720000,1759999)(1720000,1760000)	NC_037123.1f10t14	1740000	33900	0.006641
(1495089,1534403)(1740001,1779999)(1740000,1780000)	NC_037123.1f10t14	1760000	39316	0.006990
(1514475,1551926)(1760000,1799714)(1760000,1800000)	NC_037123.1f10t14	1780000	37453	0.014040
(1534404,1568987)(1780000,1819999)(1780000,1820000)	NC_037123.1f10t14	1800000	34585	0.013922
(1551927,1588915)(1800173,1839999)(1800000,1840000)	NC_037123.1f10t14	1820000	36990	0.016297
(1568988,1608600)(1820000,1859999)(1820000,1860000)	NC_037123.1f10t14	1840000	39614	0.014981
(1588916,1628387)(1840000,1879999)(1840000,1880000)	NC_037123.1f10t14	1860000	39473	0.012266
(1608601,1647773)(1860000,1899999)(1860000,1900000)	NC_037123.1f10t14	1880000	39174	0.014645
(1628388,1667603)(1880000,1919999)(1880000,1920000)	NC_037123.1f10t14	1900000	39217	0.012338
(1647774,1682739)(1900000,1938703)(1900000,1940000)	NC_037123.1f10t14	1920000	34967	0.013264
(1667604,1688132)(1920000,1959558)(1920000,1960000)	NC_037123.1f10t14	1940000	20530	0.012721
(1682740,1693740)(1940802,1977754)(1940000,1980000)	NC_037123.1f10t14	1960000	11002	0.007334
(1688133,1698196)(1962985,1999999)(1960000,2000000)	NC_037123.1f10t14	1980000	10065	0.011496
(1693741,1718079)(1986802,2019999)(1980000,2020000)	NC_037123.1f10t14	2000000	24340	0.015294
(1698197,1737935)(2000000,2039928)(2000000,2040000)	NC_037123.1f10t14	2020000	39740	0.014279
(1718080,1757284)(2020000,2059999)(2020000,2060000)	NC_037123.1f10t14	2040000	39206	0.013275
(1737936,1776983)(2040222,2079999)(2040000,2080000)	NC_037123.1f10t14	2060000	39049	0.013913
(1757285,1792651)(2060000,2099999)(2060000,2100000)	NC_037123.1f10t14	2080000	35368	0.014131
(1776984,1799490)(2080000,2118071)(2080000,2120000)	NC_037123.1f10t14	2100000	22508	0.005455
(1792652,1800981)(2100000,2123637)(2100000,2140000)	NC_037123.1f10t14	2120000	8331	-0.000042
(1799491,1812958)(2122126,2159999)(2120000,2160000)	NC_037123.1f10t14	2140000	13469	0.007675
(1800982,1823879)(2144802,2179943)(2140000,2180000)	NC_037123.1f10t14	2160000	22899	0.003743
(1812959,1837199)(2160000,2199999)(2160000,2200000)	NC_037123.1f10t14	2180000	24242	0.007765
(1823880,1854285)(2184070,2219999)(2180000,2220000)	NC_037123.1f10t14	2200000	30407	0.012038
(1837200,1865344)(2200000,2239933)(2200000,2240000)	NC_037123.1f10t14	2220000	28146	0.013532
(1854286,1877187)(2220000,2257567)(2220000,2260000)	NC_037123.1f10t14	2240000	22903	0.011502
(1865345,1883591)(2240138,2279999)(2240000,2280000)	NC_037123.1f10t14	2260000	18248	0.012223
(1877188,1893281)(2265446,2299999)(2260000,2300000)	NC_037123.1f10t14	2280000	16095	0.018471
(1883592,1906245)(2280000,2319999)(2280000,2320000)	NC_037123.1f10t14	2300000	22655	0.009526
(1893282,1923097)(2300000,2339999)(2300000,2340000)	NC_037123.1f10t14	2320000	29817	0.012675
(1906246,1927259)(2320000,2358174)(2320000,2360000)	NC_037123.1f10t14	2340000	21015	0.018868
(1923098,1937716)(2340000,2379999)(2340000,2380000)	NC_037123.1f10t14	2360000	14620	0.014992
(1927260,1955247)(2362323,2399999)(2360000,2400000)	NC_037123.1f10t14	2380000	27989	0.009791
(1937717,1959793)(2380000,2411433)(2380000,2420000)	NC_037123.1f10t14	2400000	22078	0.008328
(1955248,1974521)(2400000,2439999)(2400000,2440000)	NC_037123.1f10t14	2420000	19275	0.017073
(1959794,1983249)(2422046,2459999)(2420000,2460000)	NC_037123.1f10t14	2440000	23457	0.015542
(1974522,1993138)(2440000,2479999)(2440000,2480000)	NC_037123.1f10t14	2460000	18618	0.006463
(1983250,2011173)(2460000,2499999)(2460000,2500000)	NC_037123.1f10t14	2480000	27925	0.011035
(1993139,2027049)(2480000,2519999)(2480000,2520000)	NC_037123.1f10t14	2500000	33912	0.012238
(2011174,2045600)(2500000,2539999)(2500000,2540000)	NC_037123.1f10t14	2520000	34428	0.010248
(2027050,2061175)(2520000,2559999)(2520000,2560000)	NC_037123.1f10t14	2540000	34127	0.011217
(2045601,2079771)(2540000,2579999)(2540000,2580000)	NC_037123.1f10t14	2560000	34172	0.006320
(2061176,2098978)(2560000,2599999)(2560000,2600000)	NC_037123.1f10t14	2580000	37804	0.007575
(2079772,2115652)(2580000,2619999)(2580000,2620000)	NC_037123.1f10t14	2600000	35882	0.012450
(2098979,2132631)(2600000,2639999)(2600000,2640000)	NC_037123.1f10t14	2620000	33654	0.014342
(2115653,2152029)(2620000,2659972)(2620000,2660000)	NC_037123.1f10t14	2640000	36378	0.021871
(2132632,2171744)(2640000,2679999)(2640000,2680000)	NC_037123.1f10t14	2660000	39114	0.014292
(2152030,2186789)(2660181,2699999)(2660000,2700000)	NC_037123.1f10t14	2680000	34761	0.004058
(2171745,2198116)(2680000,2717699)(2680000,2720000)	NC_037123.1f10t14	2700000	26373	0.004926
(2186790,2204665)(2700000,2734258)(2700000,2740000)	NC_037123.1f10t14	2720000	17877	0.006575
(2198117,2218943)(2721406,2759999)(2720000,2760000)	NC_037123.1f10t14	2740000	20828	0.011035
(2204666,2236079)(2740864,2779999)(2740000,2780000)	NC_037123.1f10t14	2760000	31415	0.011007
(2218944,2249045)(2760000,2799999)(2760000,2800000)	NC_037123.1f10t14	2780000	30103	0.005684
(2236080,2262998)(2780000,2819999)(2780000,2820000)	NC_037123.1f10t14	2800000	26920	0.007438
(2249046,2275603)(2800000,2839999)(2800000,2840000)	NC_037123.1f10t14	2820000	26559	0.005009
(2262999,2289925)(2820000,2858693)(2820000,2860000)	NC_037123.1f10t14	2840000	26928	0.007984
(2275604,2301044)(2840000,2879999)(2840000,2880000)	NC_037123.1f10t14	2860000	25442	0.017417
(2289926,2308696)(2861460,2899999)(2860000,2900000)	NC_037123.1f10t14	2880000	18772	0.014113
(2301045,2320417)(2880000,2919999)(2880000,2920000)	NC_037123.1f10t14	2900000	19374	0.007793
(2308697,2338521)(2900000,2939999)(2900000,2940000)	NC_037123.1f10t14	2920000	29826	0.009107
(2320418,2354757)(2920000,2959999)(2920000,2960000)	NC_037123.1f10t14	2940000	34341	0.012252
(2338522,2373355)(2940000,2979999)(2940000,2980000)	NC_037123.1f10t14	2960000	34835	0.007076
(2354758,2392015)(2960000,2999999)(2960000,3000000)	NC_037123.1f10t14	2980000	37259	0.009126
(2373356,2411515)(2980000,3019999)(2980000,3020000)	NC_037123.1f10t14	3000000	38161	0.011544
(2392016,2422178)(3000000,3039999)(3000000,3040000)	NC_037123.1f10t14	3020000	30164	0.006178
(2411516,2431886)(3020000,3059999)(3020000,3060000)	NC_037123.1f10t14	3040000	20372	0.014459
(2422179,2447556)(3040000,3079999)(3040000,3080000)	NC_037123.1f10t14	3060000	25379	0.016174
(2431887,2463046)(3060000,3099999)(3060000,3100000)	NC_037123.1f10t14	3080000	31161	0.019199
(2447557,2482148)(3080000,3119999)(3080000,3120000)	NC_037123.1f10t14	3100000	34593	0.011879
(2463047,2495574)(3100000,3139999)(3100000,3140000)	NC_037123.1f10t14	3120000	32529	0.003641
(2482149,2515158)(3120000,3159999)(3120000,3160000)	NC_037123.1f10t14	3140000	33011	0.012012
(2495575,2533445)(3140000,3179999)(3140000,3180000)	NC_037123.1f10t14	3160000	37872	0.019840
(2515159,2546284)(3160000,3199802)(3160000,3200000)	NC_037123.1f10t14	3180000	31127	0.015828
(2533446,2551526)(3180000,3219999)(3180000,3220000)	NC_037123.1f10t14	3200000	18082	0.011590
(2546285,2571378)(3206036,3239999)(3200000,3240000)	NC_037123.1f10t14	3220000	25095	0.018792
(2551527,2588962)(3220000,3259999)(3220000,3260000)	NC_037123.1f10t14	3240000	37437	0.029120
(2571379,2604600)(3240000,3277312)(3240000,3280000)	NC_037123.1f10t14	3260000	33223	0.031771
(2588963,2615898)(3260000,3299999)(3260000,3300000)	NC_037123.1f10t14	3280000	26937	0.026506
(2604601,2633436)(3283764,3318977)(3280000,3320000)	NC_037123.1f10t14	3300000	28837	0.019147
(2615899,2640522)(3300000,3339999)(3300000,3340000)	NC_037123.1f10t14	3320000	24625	0.016870
(2633437,2653895)(3322444,3359965)(3320000,3360000)	NC_037123.1f10t14	3340000	20460	0.015011
(2640523,2665704)(3340000,3379999)(3340000,3380000)	NC_037123.1f10t14	3360000	25183	0.014129
(2653896,2684188)(3360003,3399999)(3360000,3400000)	NC_037123.1f10t14	3380000	30294	0.018200
(2665705,2696777)(3380000,3418874)(3380000,3420000)	NC_037123.1f10t14	3400000	31074	0.015061
(2684189,2702008)(3400000,3435189)(3400000,3440000)	NC_037123.1f10t14	3420000	17821	0.009902
(2696778,2710777)(3424954,3459477)(3420000,3460000)	NC_037123.1f10t14	3440000	14001	0.013398
(2702009,2720927)(3444522,3479786)(3440000,3480000)	NC_037123.1f10t14	3460000	18920	0.013588
(2710778,2729901)(3460024,3499369)(3460000,3500000)	NC_037123.1f10t14	3480000	19125	0.008306
(2720928,2743012)(3486384,3519070)(3480000,3520000)	NC_037123.1f10t14	3500000	22086	0.005446
(2729902,2756655)(3500013,3538685)(3500000,3540000)	NC_037123.1f10t14	3520000	26755	0.011829
(2743013,2761289)(3520305,3558850)(3520000,3560000)	NC_037123.1f10t14	3540000	18278	0.007712
(2756656,2773516)(3547314,3579999)(3540000,3580000)	NC_037123.1f10t14	3560000	16862	-0.004589
(2761290,2792493)(3560912,3599999)(3560000,3600000)	NC_037123.1f10t14	3580000	31205	0.000723
(2773517,2812436)(3580000,3619999)(3580000,3620000)	NC_037123.1f10t14	3600000	38921	0.015828
(2792494,2831114)(3600000,3639999)(3600000,3640000)	NC_037123.1f10t14	3620000	38622	0.014384
(2812437,2847159)(3620000,3659999)(3620000,3660000)	NC_037123.1f10t14	3640000	34724	0.013959
(2831115,2866921)(3640000,3679999)(3640000,3680000)	NC_037123.1f10t14	3660000	35808	0.012032
(2847160,2886759)(3660000,3699999)(3660000,3700000)	NC_037123.1f10t14	3680000	39601	0.015426
(2866922,2906658)(3680000,3719999)(3680000,3720000)	NC_037123.1f10t14	3700000	39738	0.018174
(2886760,2925699)(3700000,3739999)(3700000,3740000)	NC_037123.1f10t14	3720000	38941	0.012955
(2906659,2943108)(3720000,3759999)(3720000,3760000)	NC_037123.1f10t14	3740000	36451	0.019107
(2925700,2956431)(3740000,3779427)(3740000,3780000)	NC_037123.1f10t14	3760000	30733	0.019660
(2943109,2972136)(3760000,3799999)(3760000,3800000)	NC_037123.1f10t14	3780000	29029	0.003529
(2956432,2989940)(3780113,3818614)(3780000,3820000)	NC_037123.1f10t14	3800000	33510	0.000874
(2972137,3007525)(3800000,3839999)(3800000,3840000)	NC_037123.1f10t14	3820000	35390	0.005451
(2989941,3027186)(3820017,3859727)(3820000,3860000)	NC_037123.1f10t14	3840000	37247	0.011661
(3007526,3046944)(3840000,3879999)(3840000,3880000)	NC_037123.1f10t14	3860000	39420	0.009918
(3027187,3058653)(3860004,3898135)(3860000,3900000)	NC_037123.1f10t14	3880000	31468	0.009612
(3046945,3073356)(3880000,3919999)(3880000,3920000)	NC_037123.1f10t14	3900000	26413	0.014138
(3058654,3090576)(3903565,3939854)(3900000,3940000)	NC_037123.1f10t14	3920000	31924	0.019443
(3073357,3098915)(3920000,3959999)(3920000,3960000)	NC_037123.1f10t14	3940000	25560	0.023488
(3090577,3111488)(3941041,3979999)(3940000,3980000)	NC_037123.1f10t14	3960000	20913	0.012387
(17978,44791)(20000,59999)(20000,60000)	NC_037124.1f8t16	40000	26815	0.101163
(26251,63811)(40000,79999)(40000,80000)	NC_037124.1f8t16	60000	37562	0.083536
(44792,82078)(60000,98475)(60000,100000)	NC_037124.1f8t16	80000	37288	0.095147
(63812,101407)(80000,119999)(80000,120000)	NC_037124.1f8t16	100000	37597	0.115946
(82079,120872)(100376,139999)(100000,140000)	NC_037124.1f8t16	120000	38795	0.102221
(101408,137399)(120000,159999)(120000,160000)	NC_037124.1f8t16	140000	35993	0.077767
(120873,153947)(140000,179999)(140000,180000)	NC_037124.1f8t16	160000	33076	0.079372
(137400,173201)(160000,199999)(160000,200000)	NC_037124.1f8t16	180000	35803	0.087111
(153948,192941)(180000,219999)(180000,220000)	NC_037124.1f8t16	200000	38995	0.089918
(173202,210965)(200000,239999)(200000,240000)	NC_037124.1f8t16	220000	37765	0.108589
(192942,230217)(220000,259999)(220000,260000)	NC_037124.1f8t16	240000	37277	0.131265
(210966,249894)(240000,279999)(240000,280000)	NC_037124.1f8t16	260000	38930	0.108349
(230218,269575)(260000,299999)(260000,300000)	NC_037124.1f8t16	280000	39359	0.140790
(249895,289204)(280000,319999)(280000,320000)	NC_037124.1f8t16	300000	39311	0.115265
(269576,308702)(300000,339999)(300000,340000)	NC_037124.1f8t16	320000	39128	0.062718
(289205,325066)(320000,359265)(320000,360000)	NC_037124.1f8t16	340000	35863	0.069626
(308703,339526)(340000,379999)(340000,380000)	NC_037124.1f8t16	360000	30825	0.091159
(325067,357491)(360587,398737)(360000,400000)	NC_037124.1f8t16	380000	32426	0.093570
(339527,361304)(380000,419999)(380000,420000)	NC_037124.1f8t16	400000	21779	0.068352
(357492,380334)(412442,439999)(400000,440000)	NC_037124.1f8t16	420000	22844	0.095787
(361305,399652)(420000,459999)(420000,460000)	NC_037124.1f8t16	440000	38349	0.097607
(380335,416877)(440000,479999)(440000,480000)	NC_037124.1f8t16	460000	36544	0.078236
(399653,434066)(460000,499999)(460000,500000)	NC_037124.1f8t16	480000	34415	0.075776
(416878,451425)(480000,519953)(480000,520000)	NC_037124.1f8t16	500000	34549	0.074842
(434067,454427)(500000,539999)(500000,540000)	NC_037124.1f8t16	520000	20362	0.063418
(451426,468978)(523061,559999)(520000,560000)	NC_037124.1f8t16	540000	17554	0.059957
(454428,483929)(540000,579189)(540000,580000)	NC_037124.1f8t16	560000	29503	0.062601
(468979,492137)(560000,599969)(560000,600000)	NC_037124.1f8t16	580000	23160	0.054921
(483930,506755)(582367,619999)(580000,620000)	NC_037124.1f8t16	600000	22827	0.056125
(492138,524441)(600428,639999)(600000,640000)	NC_037124.1f8t16	620000	32305	0.099948
(506756,542461)(620000,659999)(620000,660000)	NC_037124.1f8t16	640000	35707	0.093506
(524442,561052)(640000,679999)(640000,680000)	NC_037124.1f8t16	660000	36612	0.080191
(542462,579016)(660000,699999)(660000,700000)	NC_037124.1f8t16	680000	36556	0.094222
(561053,598675)(680000,719999)(680000,720000)	NC_037124.1f8t16	700000	37624	0.080452
(579017,614850)(700000,739816)(700000,740000)	NC_037124.1f8t16	720000	35835	0.040966
(598676,617342)(720000,759987)(720000,760000)	NC_037124.1f8t16	740000	18668	0.042385
(614851,627032)(740922,779999)(740000,780000)	NC_037124.1f8t16	760000	12183	0.046155
(617343,642592)(760170,799999)(760000,800000)	NC_037124.1f8t16	780000	25251	0.054493
(627033,649222)(780000,819999)(780000,820000)	NC_037124.1f8t16	800000	22191	0.065339
(642593,664720)(800000,839999)(800000,840000)	NC_037124.1f8t16	820000	22129	0.078561
(649223,678614)(820000,859926)(820000,860000)	NC_037124.1f8t16	840000	29393	0.090045
(664721,687264)(840000,879999)(840000,880000)	NC_037124.1f8t16	860000	22545	0.127344
(678615,704294)(860549,899999)(860000,900000)	NC_037124.1f8t16	880000	25681	0.144124
(687265,718573)(880000,919999)(880000,920000)	NC_037124.1f8t16	900000	31310	0.142169
(704295,738388)(900000,939999)(900000,940000)	NC_037124.1f8t16	920000	34095	0.102508
(718574,754272)(920000,959999)(920000,960000)	NC_037124.1f8t16	940000	35700	0.088218
(738389,773876)(940000,979999)(940000,980000)	NC_037124.1f8t16	960000	35489	0.085685
(754273,790339)(960000,999805)(960000,1000000)	NC_037124.1f8t16	980000	36068	0.063616
(773877,795661)(980000,1011360)(980000,1020000)	NC_037124.1f8t16	1000000	21786	0.047038
(790340,800929)(1000310,1038796)(1000000,1040000)	NC_037124.1f8t16	1020000	10591	0.088042
(795662,816773)(1023301,1059999)(1020000,1060000)	NC_037124.1f8t16	1040000	21113	0.064823
(800930,829030)(1040308,1079999)(1040000,1080000)	NC_037124.1f8t16	1060000	28102	0.039350
(816774,841275)(1060000,1099999)(1060000,1100000)	NC_037124.1f8t16	1080000	24503	0.050298
(829031,858375)(1080000,1119660)(1080000,1120000)	NC_037124.1f8t16	1100000	29346	0.064180
(841276,863484)(1100000,1139999)(1100000,1140000)	NC_037124.1f8t16	1120000	22210	0.070328
(858376,883440)(1120869,1159999)(1120000,1160000)	NC_037124.1f8t16	1140000	25066	0.074015
(863485,895547)(1140000,1179999)(1140000,1180000)	NC_037124.1f8t16	1160000	32064	0.072764
(883441,909722)(1160000,1199999)(1160000,1200000)	NC_037124.1f8t16	1180000	26283	0.055296
(895548,926234)(1180000,1219999)(1180000,1220000)	NC_037124.1f8t16	1200000	30688	0.037955
(909723,945498)(1200000,1239999)(1200000,1240000)	NC_037124.1f8t16	1220000	35777	0.034607
(926235,964253)(1220000,1259999)(1220000,1260000)	NC_037124.1f8t16	1240000	38020	0.042977
(945499,983713)(1240000,1279999)(1240000,1280000)	NC_037124.1f8t16	1260000	38216	0.074081
(964254,1000545)(1260000,1299999)(1260000,1300000)	NC_037124.1f8t16	1280000	36293	0.094302
(983714,1016914)(1280000,1319411)(1280000,1320000)	NC_037124.1f8t16	1300000	33202	0.086352
(1000546,1036607)(1300000,1339999)(1300000,1340000)	NC_037124.1f8t16	1320000	36063	0.067453
(1016915,1055910)(1320066,1359999)(1320000,1360000)	NC_037124.1f8t16	1340000	38997	0.067540
(1036608,1075679)(1340000,1379999)(1340000,1380000)	NC_037124.1f8t16	1360000	39073	0.059863
(1055911,1094335)(1360000,1399999)(1360000,1400000)	NC_037124.1f8t16	1380000	38426	0.058947
(1075680,1112705)(1380000,1419999)(1380000,1420000)	NC_037124.1f8t16	1400000	37027	0.054473
(1094336,1132547)(1400000,1439999)(1400000,1440000)	NC_037124.1f8t16	1420000	38213	0.041379
(1112706,1150312)(1420000,1459999)(1420000,1460000)	NC_037124.1f8t16	1440000	37608	0.055971
(1132548,1168439)(1440000,1479999)(1440000,1480000)	NC_037124.1f8t16	1460000	35893	0.070248
(1150313,1187988)(1460000,1499999)(1460000,1500000)	NC_037124.1f8t16	1480000	37677	0.083457
(1168440,1206763)(1480000,1519999)(1480000,1520000)	NC_037124.1f8t16	1500000	38325	0.070845
(1187989,1226455)(1500000,1539999)(1500000,1540000)	NC_037124.1f8t16	1520000	38468	0.051241
(1206764,1246168)(1520000,1559999)(1520000,1560000)	NC_037124.1f8t16	1540000	39406	0.079800
(1226456,1265503)(1540000,1579999)(1540000,1580000)	NC_037124.1f8t16	1560000	39049	0.104043
(1246169,1285228)(1560000,1599999)(1560000,1600000)	NC_037124.1f8t16	1580000	39061	0.092887
(1265504,1305015)(1580000,1619999)(1580000,1620000)	NC_037124.1f8t16	1600000	39513	0.091160
(1285229,1321908)(1600000,1639999)(1600000,1640000)	NC_037124.1f8t16	1620000	36681	0.092404
(1305016,1341455)(1620000,1659999)(1620000,1660000)	NC_037124.1f8t16	1640000	36441	0.084015
(1321909,1360299)(1640000,1679999)(1640000,1680000)	NC_037124.1f8t16	1660000	38392	0.082727
(1341456,1379497)(1660000,1699999)(1660000,1700000)	NC_037124.1f8t16	1680000	38043	0.093143
(1360300,1391450)(1680000,1712755)(1680000,1720000)	NC_037124.1f8t16	1700000	31152	0.098910
(1379498,1404301)(1700000,1739999)(1700000,1740000)	NC_037124.1f8t16	1720000	24805	0.070430
(1391451,1419263)(1721060,1755674)(1720000,1760000)	NC_037124.1f8t16	1740000	27814	0.089120
(1404302,1428043)(1740000,1779999)(1740000,1780000)	NC_037124.1f8t16	1760000	23743	0.076577
(1419264,1447866)(1762668,1799999)(1760000,1800000)	NC_037124.1f8t16	1780000	28604	0.146741
(1428044,1467653)(1780000,1819999)(1780000,1820000)	NC_037124.1f8t16	1800000	39611	0.079677
(1447867,1485885)(1800000,1839999)(1800000,1840000)	NC_037124.1f8t16	1820000	38020	0.066545
(1467654,1505549)(1820000,1859999)(1820000,1860000)	NC_037124.1f8t16	1840000	37897	0.114925
(1485886,1524426)(1840000,1879999)(1840000,1880000)	NC_037124.1f8t16	1860000	38542	0.091819
(1505550,1544290)(1860000,1899999)(1860000,1900000)	NC_037124.1f8t16	1880000	38742	0.081335
(1524427,1563650)(1880000,1919999)(1880000,1920000)	NC_037124.1f8t16	1900000	39225	0.045799
(1544291,1583329)(1900000,1939999)(1900000,1940000)	NC_037124.1f8t16	1920000	39040	0.062644
(1563651,1603076)(1920000,1959999)(1920000,1960000)	NC_037124.1f8t16	1940000	39427	0.079100
(1583330,1619381)(1940000,1979999)(1940000,1980000)	NC_037124.1f8t16	1960000	36053	0.051386
(1603077,1638118)(1960000,1999999)(1960000,2000000)	NC_037124.1f8t16	1980000	35043	0.088654
(1619382,1658060)(1980000,2019999)(1980000,2020000)	NC_037124.1f8t16	2000000	38680	0.078655
(1638119,1672638)(2000000,2039442)(2000000,2040000)	NC_037124.1f8t16	2020000	34521	0.046498
(1658061,1685898)(2020000,2058191)(2020000,2060000)	NC_037124.1f8t16	2040000	27839	0.051812
(1672639,1697330)(2040440,2078363)(2040000,2080000)	NC_037124.1f8t16	2060000	24693	0.066969
(1685899,1712376)(2060020,2099618)(2060000,2100000)	NC_037124.1f8t16	2080000	26479	0.072896
(1697331,1729893)(2080406,2119999)(2080000,2120000)	NC_037124.1f8t16	2100000	32564	0.074483
(1712377,1744488)(2101919,2139731)(2100000,2140000)	NC_037124.1f8t16	2120000	32113	0.070869
(1729894,1761454)(2120000,2159999)(2120000,2160000)	NC_037124.1f8t16	2140000	31562	0.093266
(1744489,1779285)(2140205,2179999)(2140000,2180000)	NC_037124.1f8t16	2160000	34798	0.107766
(1761455,1799243)(2160000,2199999)(2160000,2200000)	NC_037124.1f8t16	2180000	37790	0.090644
(1779286,1819237)(2180000,2219999)(2180000,2220000)	NC_037124.1f8t16	2200000	39953	0.092855
(1799244,1839004)(2200000,2239999)(2200000,2240000)	NC_037124.1f8t16	2220000	39762	0.079415
(1819238,1858832)(2220000,2259999)(2220000,2260000)	NC_037124.1f8t16	2240000	39596	0.040106
(1839005,1877994)(2240000,2279999)(2240000,2280000)	NC_037124.1f8t16	2260000	38991	0.041979
(1858833,1897924)(2260000,2299999)(2260000,2300000)	NC_037124.1f8t16	2280000	39093	0.059349
(1877995,1916618)(2280000,2319999)(2280000,2320000)	NC_037124.1f8t16	2300000	38625	0.162441
(1897925,1936466)(2300000,2339999)(2300000,2340000)	NC_037124.1f8t16	2320000	38543	0.162054
(1916619,1956236)(2320000,2359999)(2320000,2360000)	NC_037124.1f8t16	2340000	39619	0.091959
(1936467,1976150)(2340000,2379999)(2340000,2380000)	NC_037124.1f8t16	2360000	39685	0.066141
(1956237,1994876)(2360000,2399999)(2360000,2400000)	NC_037124.1f8t16	2380000	38641	0.065817
(1976151,2014790)(2380000,2419999)(2380000,2420000)	NC_037124.1f8t16	2400000	38641	0.083532
(1994877,2034626)(2400000,2439999)(2400000,2440000)	NC_037124.1f8t16	2420000	39751	0.089411
(2014791,2054458)(2420000,2459999)(2420000,2460000)	NC_037124.1f8t16	2440000	39669	0.087897
(2034627,2074323)(2440000,2479999)(2440000,2480000)	NC_037124.1f8t16	2460000	39698	0.093731
(2054459,2094301)(2460000,2499999)(2460000,2500000)	NC_037124.1f8t16	2480000	39844	0.095706
(2074324,2113311)(2480000,2519999)(2480000,2520000)	NC_037124.1f8t16	2500000	38989	0.065645
(2094302,2133257)(2500000,2539999)(2500000,2540000)	NC_037124.1f8t16	2520000	38957	0.051911
(2113312,2153246)(2520000,2559999)(2520000,2560000)	NC_037124.1f8t16	2540000	39936	0.034693
(2133258,2171827)(2540000,2579999)(2540000,2580000)	NC_037124.1f8t16	2560000	38571	0.044627
(2153247,2191773)(2560000,2599999)(2560000,2600000)	NC_037124.1f8t16	2580000	38528	0.051437
(2171828,2211496)(2580000,2619779)(2580000,2620000)	NC_037124.1f8t16	2600000	39670	0.047973
(2191774,2228384)(2600000,2639999)(2600000,2640000)	NC_037124.1f8t16	2620000	36612	0.037404
(2211497,2247337)(2620065,2659999)(2620000,2660000)	NC_037124.1f8t16	2640000	35842	0.033489
(2228385,2259637)(2640000,2679999)(2640000,2680000)	NC_037124.1f8t16	2660000	31254	0.032716
(2247338,2278624)(2660000,2699999)(2660000,2700000)	NC_037124.1f8t16	2680000	31288	0.018761
(2259638,2298257)(2680000,2719999)(2680000,2720000)	NC_037124.1f8t16	2700000	38621	0.036208
(2278625,2316836)(2700000,2739999)(2700000,2740000)	NC_037124.1f8t16	2720000	38213	0.046810
(2298258,2336744)(2720000,2759999)(2720000,2760000)	NC_037124.1f8t16	2740000	38488	0.037596
(2316837,2356144)(2740000,2779999)(2740000,2780000)	NC_037124.1f8t16	2760000	39309	0.049840
(2336745,2376069)(2760000,2799999)(2760000,2800000)	NC_037124.1f8t16	2780000	39326	0.087426
(2356145,2393597)(2780000,2819999)(2780000,2820000)	NC_037124.1f8t16	2800000	37454	0.076945
(2376070,2413576)(2800000,2839999)(2800000,2840000)	NC_037124.1f8t16	2820000	37508	0.059616
(2393598,2433524)(2820000,2859999)(2820000,2860000)	NC_037124.1f8t16	2840000	39928	0.052696
(2413577,2453400)(2840000,2879999)(2840000,2880000)	NC_037124.1f8t16	2860000	39825	0.041247
(2433525,2472102)(2860000,2899999)(2860000,2900000)	NC_037124.1f8t16	2880000	38579	0.047208
(2453401,2492026)(2880000,2919999)(2880000,2920000)	NC_037124.1f8t16	2900000	38627	0.039204
(2472103,2510398)(2900000,2939999)(2900000,2940000)	NC_037124.1f8t16	2920000	38297	0.036316
(2492027,2530109)(2920000,2959999)(2920000,2960000)	NC_037124.1f8t16	2940000	38084	0.053081
(2510399,2549852)(2940000,2979999)(2940000,2980000)	NC_037124.1f8t16	2960000	39455	0.053443
(2530110,2569721)(2960000,2999999)(2960000,3000000)	NC_037124.1f8t16	2980000	39613	0.045710
(2549853,2589650)(2980000,3019999)(2980000,3020000)	NC_037124.1f8t16	3000000	39799	0.051265
(2569722,2609602)(3000000,3039999)(3000000,3040000)	NC_037124.1f8t16	3020000	39882	0.047732
(2589651,2629375)(3020000,3059999)(3020000,3060000)	NC_037124.1f8t16	3040000	39726	0.038677
(2609603,2649197)(3040000,3079999)(3040000,3080000)	NC_037124.1f8t16	3060000	39596	0.049824
(2629376,2669019)(3060000,3099999)(3060000,3100000)	NC_037124.1f8t16	3080000	39645	0.055730
(2649198,2688842)(3080000,3119999)(3080000,3120000)	NC_037124.1f8t16	3100000	39646	0.102748
(2669020,2705862)(3100000,3139999)(3100000,3140000)	NC_037124.1f8t16	3120000	36844	0.106940
(2688843,2721953)(3120000,3159999)(3120000,3160000)	NC_037124.1f8t16	3140000	33112	0.041848
(2705863,2741423)(3140000,3179999)(3140000,3180000)	NC_037124.1f8t16	3160000	35562	0.050770
(2721954,2759484)(3160000,3199999)(3160000,3200000)	NC_037124.1f8t16	3180000	37532	0.054826
(2741424,2777309)(3180000,3219999)(3180000,3220000)	NC_037124.1f8t16	3200000	35887	0.044804
(2759485,2797094)(3200000,3239999)(3200000,3240000)	NC_037124.1f8t16	3220000	37611	0.052062
(2777310,2816988)(3220000,3259999)(3220000,3260000)	NC_037124.1f8t16	3240000	39680	0.049443
(2797095,2836940)(3240000,3279999)(3240000,3280000)	NC_037124.1f8t16	3260000	39847	0.059877
(2816989,2856315)(3260000,3299999)(3260000,3300000)	NC_037124.1f8t16	3280000	39328	0.055844
(2836941,2871944)(3280000,3319983)(3280000,3320000)	NC_037124.1f8t16	3300000	35005	0.043407
(2856316,2891734)(3300000,3339999)(3300000,3340000)	NC_037124.1f8t16	3320000	35420	0.043803
(2871945,2911455)(3320002,3359999)(3320000,3360000)	NC_037124.1f8t16	3340000	39512	0.045550
(2891735,2926750)(3340000,3379999)(3340000,3380000)	NC_037124.1f8t16	3360000	35017	0.048787
(2911456,2942778)(3360000,3399999)(3360000,3400000)	NC_037124.1f8t16	3380000	31324	0.074876
(2926751,2962564)(3380000,3419999)(3380000,3420000)	NC_037124.1f8t16	3400000	35815	0.077807
(2942779,2980567)(3400000,3439999)(3400000,3440000)	NC_037124.1f8t16	3420000	37790	0.066075
(2962565,2998549)(3420000,3458568)(3420000,3460000)	NC_037124.1f8t16	3440000	35986	0.060017
(2980568,3011082)(3440000,3479999)(3440000,3480000)	NC_037124.1f8t16	3460000	30516	0.052416
(2998550,3029122)(3465186,3499999)(3460000,3500000)	NC_037124.1f8t16	3480000	30574	0.066282
(3011083,3047330)(3480000,3519998)(3480000,3520000)	NC_037124.1f8t16	3500000	36249	0.111461
(3029123,3066929)(3500000,3539999)(3500000,3540000)	NC_037124.1f8t16	3520000	37808	0.177018
(3047331,3086847)(3520000,3559999)(3520000,3560000)	NC_037124.1f8t16	3540000	39518	0.146388
(3066930,3106442)(3540000,3579999)(3540000,3580000)	NC_037124.1f8t16	3560000	39514	0.083857
(3086848,3122727)(3560000,3599999)(3560000,3600000)	NC_037124.1f8t16	3580000	35881	0.056726
(3106443,3141230)(3580000,3619999)(3580000,3620000)	NC_037124.1f8t16	3600000	34789	0.033841
(3122728,3161137)(3600000,3639999)(3600000,3640000)	NC_037124.1f8t16	3620000	38411	0.032578
(3141231,3181032)(3620000,3659999)(3620000,3660000)	NC_037124.1f8t16	3640000	39803	0.052482
(3161138,3200811)(3640000,3679999)(3640000,3680000)	NC_037124.1f8t16	3660000	39675	0.055213
(3181033,3220731)(3660000,3699999)(3660000,3700000)	NC_037124.1f8t16	3680000	39700	0.044179
(3200812,3240552)(3680000,3719999)(3680000,3720000)	NC_037124.1f8t16	3700000	39742	0.054404
(3220732,3257853)(3700000,3739999)(3700000,3740000)	NC_037124.1f8t16	3720000	37123	0.072367
(3240553,3277648)(3720000,3759999)(3720000,3760000)	NC_037124.1f8t16	3740000	37097	0.113295
(3257854,3297185)(3740000,3779999)(3740000,3780000)	NC_037124.1f8t16	3760000	39333	0.127403
(3277649,3317024)(3760000,3799999)(3760000,3800000)	NC_037124.1f8t16	3780000	39377	0.077107
(3297186,3333356)(3780000,3819999)(3780000,3820000)	NC_037124.1f8t16	3800000	36172	0.106272
(3317025,3348025)(3800000,3834785)(3800000,3840000)	NC_037124.1f8t16	3820000	31002	0.132574
(3333357,3359623)(3820000,3859999)(3820000,3860000)	NC_037124.1f8t16	3840000	26268	0.147210
(3348026,3379221)(3848329,3879999)(3840000,3880000)	NC_037124.1f8t16	3860000	31197	0.147877
(3359624,3398853)(3860000,3899999)(3860000,3900000)	NC_037124.1f8t16	3880000	39231	0.127009
(3379222,3418181)(3880000,3919999)(3880000,3920000)	NC_037124.1f8t16	3900000	38961	0.089015
(3398854,3437890)(3900000,3939999)(3900000,3940000)	NC_037124.1f8t16	3920000	39038	0.111703
(3418182,3456095)(3920000,3959999)(3920000,3960000)	NC_037124.1f8t16	3940000	37915	0.163503
(3437891,3475948)(3940000,3979999)(3940000,3980000)	NC_037124.1f8t16	3960000	38059	0.158380
(3456096,3495237)(3960000,3999999)(3960000,4000000)	NC_037124.1f8t16	3980000	39143	0.106382
(3475949,3514918)(3980000,4019999)(3980000,4020000)	NC_037124.1f8t16	4000000	38971	0.078363
(3495238,3534832)(4000000,4039999)(4000000,4040000)	NC_037124.1f8t16	4020000	39596	0.091974
(3514919,3554026)(4020000,4059999)(4020000,4060000)	NC_037124.1f8t16	4040000	39109	0.094911
(3534833,3573863)(4040000,4079949)(4040000,4080000)	NC_037124.1f8t16	4060000	39032	0.094145
(3554027,3590597)(4060000,4099999)(4060000,4100000)	NC_037124.1f8t16	4080000	36572	0.156725
(3573864,3603057)(4081024,4119999)(4080000,4120000)	NC_037124.1f8t16	4100000	29195	0.182873
(3590598,3616220)(4100000,4139999)(4100000,4140000)	NC_037124.1f8t16	4120000	25624	0.185459
(3603058,3635953)(4120000,4159999)(4120000,4160000)	NC_037124.1f8t16	4140000	32897	0.256690
(3616221,3653611)(4140000,4179932)(4140000,4180000)	NC_037124.1f8t16	4160000	37392	0.292753
(3635954,3670800)(4160000,4199999)(4160000,4200000)	NC_037124.1f8t16	4180000	34848	0.278268
(3653612,3687886)(4181033,4219941)(4180000,4220000)	NC_037124.1f8t16	4200000	34276	0.358203
(3670801,3698779)(4200000,4239999)(4200000,4240000)	NC_037124.1f8t16	4220000	27980	0.394793
(3687887,3718559)(4224293,4259999)(4220000,4260000)	NC_037124.1f8t16	4240000	30674	0.510097
(3698780,3737614)(4240000,4279999)(4240000,4280000)	NC_037124.1f8t16	4260000	38836	0.709823
(3718560,3757132)(4260000,4299999)(4260000,4300000)	NC_037124.1f8t16	4280000	38574	0.700654
(3737615,3775215)(4280000,4319999)(4280000,4320000)	NC_037124.1f8t16	4300000	37602	0.705725
(3757133,3788869)(4300000,4339999)(4300000,4340000)	NC_037124.1f8t16	4320000	31738	0.644836
(3775216,3806444)(4320000,4359999)(4320000,4360000)	NC_037124.1f8t16	4340000	31230	0.595907
(3788870,3826220)(4340000,4379999)(4340000,4380000)	NC_037124.1f8t16	4360000	37352	0.667498
(3806445,3846010)(4360000,4399999)(4360000,4400000)	NC_037124.1f8t16	4380000	39567	0.646106
(3826221,3865822)(4380000,4419999)(4380000,4420000)	NC_037124.1f8t16	4400000	39603	0.588790
(3846011,3884817)(4400000,4439999)(4400000,4440000)	NC_037124.1f8t16	4420000	38808	0.430962
(3865823,3904749)(4420000,4459999)(4420000,4460000)	NC_037124.1f8t16	4440000	38928	0.441717
(3884818,3924595)(4440000,4479999)(4440000,4480000)	NC_037124.1f8t16	4460000	39779	0.573105
(3904750,3942405)(4460000,4499999)(4460000,4500000)	NC_037124.1f8t16	4480000	37657	0.464491
(3924596,3958782)(4480000,4519999)(4480000,4520000)	NC_037124.1f8t16	4500000	34188	0.286187
(3942406,3978713)(4500000,4539999)(4500000,4540000)	NC_037124.1f8t16	4520000	36309	0.262617
(3958783,3997859)(4520000,4559999)(4520000,4560000)	NC_037124.1f8t16	4540000	39078	0.251714
(3978714,4017736)(4540000,4579999)(4540000,4580000)	NC_037124.1f8t16	4560000	39024	0.289809
(3997860,4037689)(4560000,4599999)(4560000,4600000)	NC_037124.1f8t16	4580000	39831	0.233444
(4017737,4057575)(4580000,4619999)(4580000,4620000)	NC_037124.1f8t16	4600000	39840	0.120258
(4037690,4076134)(4600000,4639999)(4600000,4640000)	NC_037124.1f8t16	4620000	38446	0.098615
(4057576,4096024)(4620000,4659999)(4620000,4660000)	NC_037124.1f8t16	4640000	38450	0.089923
(4076135,4115693)(4640000,4679999)(4640000,4680000)	NC_037124.1f8t16	4660000	39560	0.075890
(4096025,4130864)(4660000,4699999)(4660000,4700000)	NC_037124.1f8t16	4680000	34841	0.074293
(4115694,4150776)(4680000,4719999)(4680000,4720000)	NC_037124.1f8t16	4700000	35084	0.256300
(4130865,4170639)(4700000,4739999)(4700000,4740000)	NC_037124.1f8t16	4720000	39776	0.363847
(4150777,4190477)(4720000,4759999)(4720000,4760000)	NC_037124.1f8t16	4740000	39702	0.291217
(4170640,4209256)(4740000,4779999)(4740000,4780000)	NC_037124.1f8t16	4760000	38618	0.183568
(4190478,4229050)(4760000,4799999)(4760000,4800000)	NC_037124.1f8t16	4780000	38574	0.223050
(4209257,4249000)(4780000,4819999)(4780000,4820000)	NC_037124.1f8t16	4800000	39745	0.138672
(4229051,4268735)(4800000,4839999)(4800000,4840000)	NC_037124.1f8t16	4820000	39686	0.074961
(4249001,4288607)(4820000,4859999)(4820000,4860000)	NC_037124.1f8t16	4840000	39608	0.111488
(4268736,4306874)(4840000,4879999)(4840000,4880000)	NC_037124.1f8t16	4860000	38140	0.101231
(4288608,4326754)(4860000,4899999)(4860000,4900000)	NC_037124.1f8t16	4880000	38148	0.137310
(4306875,4345599)(4880000,4919999)(4880000,4920000)	NC_037124.1f8t16	4900000	38726	0.155454
(4326755,4365457)(4900000,4939999)(4900000,4940000)	NC_037124.1f8t16	4920000	38704	0.125373
(4345600,4385306)(4920000,4959999)(4920000,4960000)	NC_037124.1f8t16	4940000	39708	0.136332
(4365458,4405288)(4940000,4979999)(4940000,4980000)	NC_037124.1f8t16	4960000	39832	0.119627
(4385307,4425241)(4960000,4999999)(4960000,5000000)	NC_037124.1f8t16	4980000	39936	0.097741
(4405289,4445012)(4980000,5019999)(4980000,5020000)	NC_037124.1f8t16	5000000	39725	0.095346
(4425242,4464920)(5000000,5039999)(5000000,5040000)	NC_037124.1f8t16	5020000	39680	0.058728
(4445013,4484798)(5020000,5059999)(5020000,5060000)	NC_037124.1f8t16	5040000	39787	0.046221
(4464921,4504515)(5040000,5079999)(5040000,5080000)	NC_037124.1f8t16	5060000	39596	0.156676
(4484799,4521335)(5060000,5099999)(5060000,5100000)	NC_037124.1f8t16	5080000	36538	0.150934
(4504516,4541304)(5080000,5119999)(5080000,5120000)	NC_037124.1f8t16	5100000	36790	0.124829
(4521336,4561226)(5100000,5139999)(5100000,5140000)	NC_037124.1f8t16	5120000	39892	0.115895
(4541305,4580987)(5120000,5159999)(5120000,5160000)	NC_037124.1f8t16	5140000	39684	0.052232
(4561227,4600895)(5140000,5179999)(5140000,5180000)	NC_037124.1f8t16	5160000	39670	0.045349
(4580988,4620643)(5160000,5199999)(5160000,5200000)	NC_037124.1f8t16	5180000	39657	0.067300
(4600896,4640300)(5180000,5219999)(5180000,5220000)	NC_037124.1f8t16	5200000	39406	0.114189
(4620644,4659834)(5200000,5239999)(5200000,5240000)	NC_037124.1f8t16	5220000	39192	0.129749
(4640301,4679361)(5220000,5259999)(5220000,5260000)	NC_037124.1f8t16	5240000	39062	0.173532
(4659835,4698819)(5240000,5279999)(5240000,5280000)	NC_037124.1f8t16	5260000	38986	0.141855
(4679362,4718724)(5260000,5299999)(5260000,5300000)	NC_037124.1f8t16	5280000	39364	0.165837
(4698820,4738618)(5280000,5319999)(5280000,5320000)	NC_037124.1f8t16	5300000	39800	0.202293
(4718725,4758466)(5300000,5339999)(5300000,5340000)	NC_037124.1f8t16	5320000	39743	0.129871
(4738619,4778384)(5320000,5359999)(5320000,5360000)	NC_037124.1f8t16	5340000	39767	0.107324
(4758467,4798321)(5340000,5379999)(5340000,5380000)	NC_037124.1f8t16	5360000	39856	0.118914
(4778385,4817616)(5360000,5399999)(5360000,5400000)	NC_037124.1f8t16	5380000	39233	0.095246
(4798322,4836198)(5380000,5419999)(5380000,5420000)	NC_037124.1f8t16	5400000	37878	0.081165
(4817617,4855719)(5400000,5439999)(5400000,5440000)	NC_037124.1f8t16	5420000	38104	0.063198
(4836199,4875689)(5420000,5459999)(5420000,5460000)	NC_037124.1f8t16	5440000	39492	0.038547
(4855720,4895536)(5440000,5479999)(5440000,5480000)	NC_037124.1f8t16	5460000	39818	0.053184
(4875690,4914713)(5460000,5499999)(5460000,5500000)	NC_037124.1f8t16	5480000	39025	0.066137
(4895537,4934519)(5480000,5519999)(5480000,5520000)	NC_037124.1f8t16	5500000	38984	0.037905
(4914714,4952982)(5500000,5539999)(5500000,5540000)	NC_037124.1f8t16	5520000	38270	0.058197
(4934520,4972942)(5520000,5559999)(5520000,5560000)	NC_037124.1f8t16	5540000	38424	0.089313
(4952983,4992814)(5540000,5579999)(5540000,5580000)	NC_037124.1f8t16	5560000	39833	0.107810
(4972943,5012742)(5560000,5599999)(5560000,5600000)	NC_037124.1f8t16	5580000	39801	0.150184
(4992815,5031883)(5580000,5619431)(5580000,5620000)	NC_037124.1f8t16	5600000	39070	0.133684
(5012743,5043136)(5600000,5639999)(5600000,5640000)	NC_037124.1f8t16	5620000	30395	0.083295
(5031884,5062080)(5628637,5659999)(5620000,5660000)	NC_037124.1f8t16	5640000	30198	0.118421
(5043137,5080934)(5640000,5679999)(5640000,5680000)	NC_037124.1f8t16	5660000	37799	0.109002
(5062081,5098991)(5660000,5698230)(5660000,5700000)	NC_037124.1f8t16	5680000	36912	0.122200
(5080935,5116984)(5680000,5719999)(5680000,5720000)	NC_037124.1f8t16	5700000	36051	0.127931
(5098992,5136864)(5701914,5739999)(5700000,5740000)	NC_037124.1f8t16	5720000	37874	0.082859
(5116985,5154007)(5720000,5759999)(5720000,5760000)	NC_037124.1f8t16	5740000	37024	0.091372
(5136865,5173558)(5740000,5779999)(5740000,5780000)	NC_037124.1f8t16	5760000	36695	0.070819
(5154008,5193365)(5760000,5799999)(5760000,5800000)	NC_037124.1f8t16	5780000	39359	0.056623
(5173559,5213321)(5780000,5819999)(5780000,5820000)	NC_037124.1f8t16	5800000	39764	0.109333
(5193366,5233256)(5800000,5839999)(5800000,5840000)	NC_037124.1f8t16	5820000	39892	0.104121
(5213322,5252371)(5820000,5859999)(5820000,5860000)	NC_037124.1f8t16	5840000	39051	0.044055
(5233257,5272201)(5840000,5879999)(5840000,5880000)	NC_037124.1f8t16	5860000	38946	0.070960
(5252372,5288882)(5860000,5899999)(5860000,5900000)	NC_037124.1f8t16	5880000	36512	0.072097
(5272202,5308443)(5880000,5919999)(5880000,5920000)	NC_037124.1f8t16	5900000	36243	0.055780
(5288883,5328393)(5900000,5939999)(5900000,5940000)	NC_037124.1f8t16	5920000	39512	0.056356
(5308444,5348141)(5920000,5959999)(5920000,5960000)	NC_037124.1f8t16	5940000	39699	0.068411
(5328394,5366772)(5940000,5979999)(5940000,5980000)	NC_037124.1f8t16	5960000	38380	0.071829
(5348142,5386491)(5960000,5999999)(5960000,6000000)	NC_037124.1f8t16	5980000	38351	0.057958
(5366773,5403223)(5980000,6017514)(5980000,6020000)	NC_037124.1f8t16	6000000	36452	0.071518
(5386492,5417981)(6000000,6039999)(6000000,6040000)	NC_037124.1f8t16	6020000	31491	0.091459
(5403224,5437949)(6020667,6059999)(6020000,6060000)	NC_037124.1f8t16	6040000	34727	0.089920
(5417982,5456969)(6040000,6079999)(6040000,6080000)	NC_037124.1f8t16	6060000	38989	0.074724
(5437950,5476788)(6060000,6099999)(6060000,6100000)	NC_037124.1f8t16	6080000	38840	0.046034
(5456970,5496559)(6080000,6119999)(6080000,6120000)	NC_037124.1f8t16	6100000	39591	0.054393
(5476789,5516423)(6100000,6139999)(6100000,6140000)	NC_037124.1f8t16	6120000	39636	0.077237
(5496560,5535023)(6120000,6159999)(6120000,6160000)	NC_037124.1f8t16	6140000	38465	0.059607
(5516424,5554610)(6140000,6179999)(6140000,6180000)	NC_037124.1f8t16	6160000	38188	0.086442
(5535024,5574522)(6160000,6199999)(6160000,6200000)	NC_037124.1f8t16	6180000	39500	0.094441
(5554611,5594358)(6180000,6219999)(6180000,6220000)	NC_037124.1f8t16	6200000	39749	0.074012
(5574523,5614230)(6200000,6239999)(6200000,6240000)	NC_037124.1f8t16	6220000	39709	0.078860
(5594359,5634131)(6220000,6259999)(6220000,6260000)	NC_037124.1f8t16	6240000	39774	0.087078
(5614231,5653839)(6240000,6279999)(6240000,6280000)	NC_037124.1f8t16	6260000	39610	0.108720
(5634132,5671576)(6260000,6299999)(6260000,6300000)	NC_037124.1f8t16	6280000	37446	0.106752
(5653840,5691530)(6280000,6319999)(6280000,6320000)	NC_037124.1f8t16	6300000	37692	0.112490
(5671577,5711234)(6300000,6339999)(6300000,6340000)	NC_037124.1f8t16	6320000	39659	0.078802
(5691531,5729494)(6320000,6359999)(6320000,6360000)	NC_037124.1f8t16	6340000	37965	0.066267
(5711235,5747523)(6340000,6379999)(6340000,6380000)	NC_037124.1f8t16	6360000	36290	0.083157
(5729495,5767266)(6360000,6399999)(6360000,6400000)	NC_037124.1f8t16	6380000	37773	0.060577
(5747524,5787035)(6380000,6419999)(6380000,6420000)	NC_037124.1f8t16	6400000	39513	0.051337
(5767267,5805535)(6400000,6439999)(6400000,6440000)	NC_037124.1f8t16	6420000	38270	0.052256
(5787036,5825435)(6420000,6459999)(6420000,6460000)	NC_037124.1f8t16	6440000	38401	0.052854
(5805536,5845435)(6440000,6479999)(6440000,6480000)	NC_037124.1f8t16	6460000	39901	0.046283
(5825436,5865391)(6460000,6499999)(6460000,6500000)	NC_037124.1f8t16	6480000	39957	0.074482
(5845436,5885208)(6480000,6519999)(6480000,6520000)	NC_037124.1f8t16	6500000	39774	0.073668
(5865392,5904881)(6500000,6539999)(6500000,6540000)	NC_037124.1f8t16	6520000	39491	0.034274
(5885209,5924869)(6520000,6559999)(6520000,6560000)	NC_037124.1f8t16	6540000	39662	0.043548
(5904882,5944754)(6540000,6579999)(6540000,6580000)	NC_037124.1f8t16	6560000	39874	0.063570
(5924870,5958831)(6560000,6599999)(6560000,6600000)	NC_037124.1f8t16	6580000	33963	0.061050
(5944755,5976566)(6580000,6619999)(6580000,6620000)	NC_037124.1f8t16	6600000	31813	0.059262
(5958832,5996430)(6600000,6639999)(6600000,6640000)	NC_037124.1f8t16	6620000	37600	0.061177
(5976567,6014819)(6620000,6659999)(6620000,6660000)	NC_037124.1f8t16	6640000	38254	0.040812
(5996431,6034676)(6640000,6679999)(6640000,6680000)	NC_037124.1f8t16	6660000	38247	0.046822
(6014820,6054545)(6660000,6699999)(6660000,6700000)	NC_037124.1f8t16	6680000	39727	0.062926
(6034677,6074317)(6680000,6719999)(6680000,6720000)	NC_037124.1f8t16	6700000	39642	0.060869
(6054546,6094215)(6700000,6739999)(6700000,6740000)	NC_037124.1f8t16	6720000	39671	0.074178
(6074318,6114089)(6720000,6759980)(6720000,6760000)	NC_037124.1f8t16	6740000	39773	0.069470
(6094216,6128728)(6740000,6779999)(6740000,6780000)	NC_037124.1f8t16	6760000	34514	0.051271
(6114090,6147727)(6760140,6799999)(6760000,6800000)	NC_037124.1f8t16	6780000	33639	0.059165
(6128729,6167647)(6780000,6819999)(6780000,6820000)	NC_037124.1f8t16	6800000	38920	0.066658
(6147728,6184490)(6800000,6839999)(6800000,6840000)	NC_037124.1f8t16	6820000	36764	0.043858
(6167648,6204410)(6820000,6859999)(6820000,6860000)	NC_037124.1f8t16	6840000	36764	0.029559
(6184491,6220757)(6840000,6879420)(6840000,6880000)	NC_037124.1f8t16	6860000	36268	0.035588
(6204411,6227670)(6860000,6899999)(6860000,6900000)	NC_037124.1f8t16	6880000	23261	0.070802
(6220758,6247618)(6881025,6919999)(6880000,6920000)	NC_037124.1f8t16	6900000	26862	0.052866
(6227671,6267190)(6900000,6939999)(6900000,6940000)	NC_037124.1f8t16	6920000	39521	0.048930
(6247619,6287166)(6920000,6959999)(6920000,6960000)	NC_037124.1f8t16	6940000	39549	0.044989
(6267191,6304767)(6940000,6979999)(6940000,6980000)	NC_037124.1f8t16	6960000	37578	0.046306
(6287167,6324765)(6960000,6999999)(6960000,7000000)	NC_037124.1f8t16	6980000	37600	0.057083
(6304768,6342945)(6980000,7019999)(6980000,7020000)	NC_037124.1f8t16	7000000	38179	0.052663
(6324766,6362823)(7000000,7039999)(7000000,7040000)	NC_037124.1f8t16	7020000	38059	0.054181
(6342946,6382522)(7020000,7059999)(7020000,7060000)	NC_037124.1f8t16	7040000	39578	0.063964
(6362824,6402285)(7040000,7079999)(7040000,7080000)	NC_037124.1f8t16	7060000	39463	0.073257
(6382523,6421997)(7060000,7099999)(7060000,7100000)	NC_037124.1f8t16	7080000	39476	0.069417
(6402286,6441941)(7080000,7119999)(7080000,7120000)	NC_037124.1f8t16	7100000	39657	0.050975
(6421998,6460388)(7100000,7139999)(7100000,7140000)	NC_037124.1f8t16	7120000	38392	0.044669
(6441942,6480271)(7120000,7159999)(7120000,7160000)	NC_037124.1f8t16	7140000	38331	0.040683
(6460389,6500036)(7140000,7179999)(7140000,7180000)	NC_037124.1f8t16	7160000	39649	0.055140
(6480272,6515880)(7160000,7199295)(7160000,7200000)	NC_037124.1f8t16	7180000	35610	0.057921
(6500037,6530870)(7180000,7219999)(7180000,7220000)	NC_037124.1f8t16	7200000	30835	0.038679
(6515881,6550810)(7203982,7239999)(7200000,7240000)	NC_037124.1f8t16	7220000	34931	0.035265
(6530871,6567935)(7220000,7259999)(7220000,7260000)	NC_037124.1f8t16	7240000	37066	0.046478
(6550811,6587838)(7240000,7279999)(7240000,7280000)	NC_037124.1f8t16	7260000	37029	0.054179
(6567936,6607133)(7260000,7299999)(7260000,7300000)	NC_037124.1f8t16	7280000	39199	0.056516
(6587839,6626733)(7280000,7319999)(7280000,7320000)	NC_037124.1f8t16	7300000	38896	0.061045
(6607134,6646155)(7300000,7339998)(7300000,7340000)	NC_037124.1f8t16	7320000	39023	0.046588
(6626734,6663971)(7320000,7359660)(7320000,7360000)	NC_037124.1f8t16	7340000	37239	0.051293
(6646156,6681961)(7340000,7379999)(7340000,7380000)	NC_037124.1f8t16	7360000	35807	0.073852
(6663972,6701616)(7361141,7399999)(7360000,7400000)	NC_037124.1f8t16	7380000	37646	0.078614
(6681962,6719238)(7380000,7419999)(7380000,7420000)	NC_037124.1f8t16	7400000	37278	0.063226
(6701617,6738554)(7400000,7439999)(7400000,7440000)	NC_037124.1f8t16	7420000	36939	0.091780
(6719239,6753829)(7420000,7459999)(7420000,7460000)	NC_037124.1f8t16	7440000	34592	0.105256
(6738555,6772973)(7440000,7479999)(7440000,7480000)	NC_037124.1f8t16	7460000	34420	0.048269
(6753830,6791754)(7460000,7499999)(7460000,7500000)	NC_037124.1f8t16	7480000	37926	0.065236
(6772974,6808352)(7480000,7519713)(7480000,7520000)	NC_037124.1f8t16	7500000	35380	0.075915
(6791755,6810305)(7500000,7534057)(7500000,7540000)	NC_037124.1f8t16	7520000	18552	0.060938
(6808353,6818937)(7521706,7559999)(7520000,7560000)	NC_037124.1f8t16	7540000	10586	0.045787
(6810306,6838690)(7540020,7579999)(7540000,7580000)	NC_037124.1f8t16	7560000	28386	0.063441
(6818938,6858405)(7560000,7599999)(7560000,7600000)	NC_037124.1f8t16	7580000	39469	0.064198
(6838691,6878316)(7580000,7619999)(7580000,7620000)	NC_037124.1f8t16	7600000	39627	0.098001
(6858406,6897590)(7600000,7639999)(7600000,7640000)	NC_037124.1f8t16	7620000	39186	0.086532
(6878317,6916423)(7620000,7659999)(7620000,7660000)	NC_037124.1f8t16	7640000	38108	0.051025
(6897591,6935440)(7640000,7679999)(7640000,7680000)	NC_037124.1f8t16	7660000	37851	0.059867
(6916424,6955333)(7660000,7699999)(7660000,7700000)	NC_037124.1f8t16	7680000	38911	0.069006
(6935441,6975197)(7680000,7719999)(7680000,7720000)	NC_037124.1f8t16	7700000	39758	0.087907
(6955334,6985861)(7700000,7739999)(7700000,7740000)	NC_037124.1f8t16	7720000	30529	0.078246
(6975198,7003043)(7720000,7759999)(7720000,7760000)	NC_037124.1f8t16	7740000	27847	0.051020
(6985862,7022777)(7740000,7779999)(7740000,7780000)	NC_037124.1f8t16	7760000	36917	0.047559
(7003044,7042452)(7760000,7799999)(7760000,7800000)	NC_037124.1f8t16	7780000	39410	0.057656
(7022778,7061458)(7780000,7819999)(7780000,7820000)	NC_037124.1f8t16	7800000	38682	0.067420
(7042453,7081281)(7800000,7839999)(7800000,7840000)	NC_037124.1f8t16	7820000	38830	0.058923
(7061459,7101220)(7820000,7859999)(7820000,7860000)	NC_037124.1f8t16	7840000	39763	0.053927
(7081282,7121188)(7840000,7879999)(7840000,7880000)	NC_037124.1f8t16	7860000	39908	0.059685
(7101221,7140867)(7860000,7899999)(7860000,7900000)	NC_037124.1f8t16	7880000	39648	0.054084
(7121189,7160527)(7880000,7919999)(7880000,7920000)	NC_037124.1f8t16	7900000	39340	0.044783
(7140868,7180105)(7900000,7939999)(7900000,7940000)	NC_037124.1f8t16	7920000	39239	0.067146
(7160528,7199695)(7920000,7959999)(7920000,7960000)	NC_037124.1f8t16	7940000	39169	0.077323
(7180106,7215921)(7940000,7979999)(7940000,7980000)	NC_037124.1f8t16	7960000	35817	0.050018
(18537,49548)(20000,59999)(20000,60000)	NC_037125.1f20t24	40000	31013	0.024107
(34700,69007)(40000,79998)(40000,80000)	NC_037125.1f20t24	60000	34309	0.024298
(49549,87809)(60000,99999)(60000,100000)	NC_037125.1f20t24	80000	38262	0.022617
(69008,105955)(80004,119999)(80000,120000)	NC_037125.1f20t24	100000	36949	0.020277
(87810,123708)(100000,139999)(100000,140000)	NC_037125.1f20t24	120000	35900	0.019860
(105956,142211)(120000,159999)(120000,160000)	NC_037125.1f20t24	140000	36257	0.021334
(123709,161380)(140000,179999)(140000,180000)	NC_037125.1f20t24	160000	37673	0.021817
(142212,176967)(160000,199999)(160000,200000)	NC_037125.1f20t24	180000	34757	0.023869
(161381,196177)(180000,219999)(180000,220000)	NC_037125.1f20t24	200000	34798	0.024529
(176968,215609)(200000,239999)(200000,240000)	NC_037125.1f20t24	220000	38643	0.024636
(196178,234170)(220000,259999)(220000,260000)	NC_037125.1f20t24	240000	37994	0.025650
(215610,253491)(240000,279999)(240000,280000)	NC_037125.1f20t24	260000	37883	0.030995
(234171,271609)(260000,299999)(260000,300000)	NC_037125.1f20t24	280000	37440	0.028398
(253492,289984)(280000,319999)(280000,320000)	NC_037125.1f20t24	300000	36494	0.022159
(271610,309113)(300000,339999)(300000,340000)	NC_037125.1f20t24	320000	37505	0.018001
(289985,328248)(320000,359999)(320000,360000)	NC_037125.1f20t24	340000	38265	0.019109
(309114,347532)(340000,379999)(340000,380000)	NC_037125.1f20t24	360000	38420	0.025181
(328249,363165)(360000,399999)(360000,400000)	NC_037125.1f20t24	380000	34918	0.028414
(347533,380589)(380000,419999)(380000,420000)	NC_037125.1f20t24	400000	33058	0.028419
(363166,399518)(400000,439999)(400000,440000)	NC_037125.1f20t24	420000	36354	0.026322
(380590,418179)(420000,459999)(420000,460000)	NC_037125.1f20t24	440000	37591	0.029953
(399519,437420)(440000,479999)(440000,480000)	NC_037125.1f20t24	460000	37903	0.025704
(418180,454078)(460000,499249)(460000,500000)	NC_037125.1f20t24	480000	35900	0.029598
(437421,471729)(480000,519999)(480000,520000)	NC_037125.1f20t24	500000	34310	0.035793
(454079,490352)(500545,539999)(500000,540000)	NC_037125.1f20t24	520000	36275	0.025376
(471730,506972)(520000,559999)(520000,560000)	NC_037125.1f20t24	540000	35244	0.022945
(490353,525279)(540000,579999)(540000,580000)	NC_037125.1f20t24	560000	34928	0.023150
(506973,544523)(560000,599999)(560000,600000)	NC_037125.1f20t24	580000	37552	0.025384
(525280,563426)(580000,619999)(580000,620000)	NC_037125.1f20t24	600000	38148	0.026227
(544524,582081)(600000,639999)(600000,640000)	NC_037125.1f20t24	620000	37559	0.026367
(563427,601181)(620000,659999)(620000,660000)	NC_037125.1f20t24	640000	37756	0.023717
(582082,619853)(640000,679999)(640000,680000)	NC_037125.1f20t24	660000	37773	0.022582
(601182,638969)(660000,699999)(660000,700000)	NC_037125.1f20t24	680000	37789	0.024037
(619854,657420)(680000,719999)(680000,720000)	NC_037125.1f20t24	700000	37568	0.023825
(638970,676287)(700000,739973)(700000,740000)	NC_037125.1f20t24	720000	37319	0.021219
(657421,692352)(720000,759999)(720000,760000)	NC_037125.1f20t24	740000	34933	0.021720
(676288,707633)(741435,779999)(740000,780000)	NC_037125.1f20t24	760000	31347	0.031042
(692353,722461)(760000,799999)(760000,800000)	NC_037125.1f20t24	780000	30110	0.029273
(707634,736477)(780000,819999)(780000,820000)	NC_037125.1f20t24	800000	28845	0.026456
(722462,755516)(800000,839999)(800000,840000)	NC_037125.1f20t24	820000	33056	0.026663
(736478,772585)(820000,859999)(820000,860000)	NC_037125.1f20t24	840000	36109	0.022215
(755517,791703)(840000,879999)(840000,880000)	NC_037125.1f20t24	860000	36188	0.019847
(772586,811210)(860000,899999)(860000,900000)	NC_037125.1f20t24	880000	38626	0.020695
(791704,830265)(880000,919999)(880000,920000)	NC_037125.1f20t24	900000	38563	0.021906
(811211,849415)(900000,939999)(900000,940000)	NC_037125.1f20t24	920000	38206	0.022679
(830266,868728)(920000,959999)(920000,960000)	NC_037125.1f20t24	940000	38464	0.023941
(849416,886989)(940000,979999)(940000,980000)	NC_037125.1f20t24	960000	37575	0.023817
(868729,902994)(960000,999999)(960000,1000000)	NC_037125.1f20t24	980000	34267	0.026383
(886990,921463)(980000,1019999)(980000,1020000)	NC_037125.1f20t24	1000000	34475	0.023769
(902995,940396)(1000000,1039999)(1000000,1040000)	NC_037125.1f20t24	1020000	37403	0.023073
(921464,959450)(1020000,1059999)(1020000,1060000)	NC_037125.1f20t24	1040000	37988	0.022969
(940397,974515)(1040000,1079999)(1040000,1080000)	NC_037125.1f20t24	1060000	34120	0.020801
(959451,993298)(1060000,1099999)(1060000,1100000)	NC_037125.1f20t24	1080000	33849	0.025400
(974516,1012532)(1080000,1119999)(1080000,1120000)	NC_037125.1f20t24	1100000	38018	0.022219
(993299,1027684)(1100000,1139999)(1100000,1140000)	NC_037125.1f20t24	1120000	34387	0.018806
(1012533,1044457)(1120000,1159999)(1120000,1160000)	NC_037125.1f20t24	1140000	31926	0.021666
(1027685,1063260)(1140000,1179999)(1140000,1180000)	NC_037125.1f20t24	1160000	35577	0.021036
(1044458,1081106)(1160000,1199999)(1160000,1200000)	NC_037125.1f20t24	1180000	36650	0.019936
(1063261,1100056)(1180000,1219999)(1180000,1220000)	NC_037125.1f20t24	1200000	36797	0.018364
(1081107,1118623)(1200000,1239999)(1200000,1240000)	NC_037125.1f20t24	1220000	37518	0.026935
(1100057,1136067)(1220000,1259999)(1220000,1260000)	NC_037125.1f20t24	1240000	36012	0.031207
(1118624,1155224)(1240000,1279999)(1240000,1280000)	NC_037125.1f20t24	1260000	36602	0.025941
(1136068,1172752)(1260000,1299999)(1260000,1300000)	NC_037125.1f20t24	1280000	36686	0.020780
(1155225,1192107)(1280000,1319999)(1280000,1320000)	NC_037125.1f20t24	1300000	36884	0.022045
(1172753,1211425)(1300000,1339999)(1300000,1340000)	NC_037125.1f20t24	1320000	38674	0.027498
(1192108,1227333)(1320000,1359995)(1320000,1360000)	NC_037125.1f20t24	1340000	35227	0.028109
(1211426,1245577)(1340000,1379999)(1340000,1380000)	NC_037125.1f20t24	1360000	34153	0.023570
(1227334,1265035)(1360015,1399999)(1360000,1400000)	NC_037125.1f20t24	1380000	37703	0.024265
(1245578,1283279)(1380000,1419999)(1380000,1420000)	NC_037125.1f20t24	1400000	37703	0.028495
(1265036,1302108)(1400000,1439999)(1400000,1440000)	NC_037125.1f20t24	1420000	37074	0.021541
(1283280,1320119)(1420000,1459315)(1420000,1460000)	NC_037125.1f20t24	1440000	36841	0.020899
(1302109,1336392)(1440000,1479999)(1440000,1480000)	NC_037125.1f20t24	1460000	34285	0.021093
(1320120,1354117)(1460329,1499999)(1460000,1500000)	NC_037125.1f20t24	1480000	33999	0.018021
(1336393,1372190)(1480000,1519999)(1480000,1520000)	NC_037125.1f20t24	1500000	35799	0.026563
(1354118,1391416)(1500000,1539999)(1500000,1540000)	NC_037125.1f20t24	1520000	37300	0.031226
(1372191,1410795)(1520000,1559999)(1520000,1560000)	NC_037125.1f20t24	1540000	38606	0.031729
(1391417,1428227)(1540000,1579999)(1540000,1580000)	NC_037125.1f20t24	1560000	36812	0.024396
(1410796,1446761)(1560000,1599999)(1560000,1600000)	NC_037125.1f20t24	1580000	35967	0.022259
(1428228,1463993)(1580000,1619999)(1580000,1620000)	NC_037125.1f20t24	1600000	35767	0.023073
(1446762,1479424)(1600000,1639999)(1600000,1640000)	NC_037125.1f20t24	1620000	32664	0.018998
(1463994,1496863)(1620000,1659999)(1620000,1660000)	NC_037125.1f20t24	1640000	32871	0.019982
(1479425,1515401)(1640000,1679999)(1640000,1680000)	NC_037125.1f20t24	1660000	35978	0.024984
(1496864,1534812)(1660000,1699999)(1660000,1700000)	NC_037125.1f20t24	1680000	37950	0.030252
(1515402,1553883)(1680000,1719999)(1680000,1720000)	NC_037125.1f20t24	1700000	38483	0.025980
(1534813,1572858)(1700000,1739999)(1700000,1740000)	NC_037125.1f20t24	1720000	38047	0.021671
(1553884,1589562)(1720000,1759999)(1720000,1760000)	NC_037125.1f20t24	1740000	35680	0.021973
(1572859,1608012)(1740000,1779997)(1740000,1780000)	NC_037125.1f20t24	1760000	35155	0.026422
(1589563,1625622)(1760000,1799999)(1760000,1800000)	NC_037125.1f20t24	1780000	36061	0.032983
(1608013,1642330)(1780045,1819999)(1780000,1820000)	NC_037125.1f20t24	1800000	34319	0.034236
(1625623,1661232)(1800000,1839999)(1800000,1840000)	NC_037125.1f20t24	1820000	35611	0.030290
(1642331,1679332)(1820000,1859997)(1820000,1860000)	NC_037125.1f20t24	1840000	37003	0.025453
(1661233,1698200)(1840000,1879999)(1840000,1880000)	NC_037125.1f20t24	1860000	36969	0.027703
(1679333,1716679)(1860119,1899999)(1860000,1900000)	NC_037125.1f20t24	1880000	37348	0.029158
(1698201,1735411)(1880000,1919999)(1880000,1920000)	NC_037125.1f20t24	1900000	37212	0.023868
(1716680,1754379)(1900000,1939999)(1900000,1940000)	NC_037125.1f20t24	1920000	37701	0.021768
(1735412,1773460)(1920000,1959999)(1920000,1960000)	NC_037125.1f20t24	1940000	38050	0.022530
(1754380,1793024)(1940000,1979996)(1940000,1980000)	NC_037125.1f20t24	1960000	38646	0.020873
(1773461,1810614)(1960000,1999999)(1960000,2000000)	NC_037125.1f20t24	1980000	37155	0.021217
(1793025,1827111)(1980000,2019976)(1980000,2020000)	NC_037125.1f20t24	2000000	34088	0.026405
(1810615,1836953)(2000000,2039870)(2000000,2040000)	NC_037125.1f20t24	2020000	26340	0.027263
(1827112,1847317)(2026126,2055445)(2020000,2060000)	NC_037125.1f20t24	2040000	20207	0.025426
(1836954,1861109)(2043855,2079999)(2040000,2080000)	NC_037125.1f20t24	2060000	24157	0.022026
(1847318,1874918)(2062015,2099999)(2060000,2100000)	NC_037125.1f20t24	2080000	27602	0.021642
(1861110,1891188)(2080000,2119986)(2080000,2120000)	NC_037125.1f20t24	2100000	30080	0.016316
(1874919,1906521)(2100000,2139999)(2100000,2140000)	NC_037125.1f20t24	2120000	31604	0.016282
(1891189,1924674)(2120006,2159999)(2120000,2160000)	NC_037125.1f20t24	2140000	33487	0.021603
(1906522,1932876)(2140000,2171486)(2140000,2180000)	NC_037125.1f20t24	2160000	26356	0.025847
(1924675,1933754)(2160000,2199585)(2160000,2200000)	NC_037125.1f20t24	2180000	9081	0.029899
(1932877,1937795)(2198666,2219445)(2180000,2220000)	NC_037125.1f20t24	2200000	4920	0.048615
(1933755,1939272)(2213627,2226309)(2200000,2240000)	NC_037125.1f20t24	2220000	5519	0.047124
(1937796,1943327)(2220463,2259999)(2220000,2260000)	NC_037125.1f20t24	2240000	5533	0.026838
(1939273,1946809)(2241977,2265809)(2240000,2280000)	NC_037125.1f20t24	2260000	7538	0.028968
(1943328,1947440)(2260000,2284048)(2260000,2300000)	NC_037125.1f20t24	2280000	4114	0.029517
(1946810,1959798)(2280148,2319999)(2280000,2320000)	NC_037125.1f20t24	2300000	12990	0.038917
(1947441,1979780)(2307521,2339999)(2300000,2340000)	NC_037125.1f20t24	2320000	32341	0.029327
(1959799,1999169)(2320000,2359999)(2320000,2360000)	NC_037125.1f20t24	2340000	39372	0.014303
(1979781,2016707)(2340000,2379999)(2340000,2380000)	NC_037125.1f20t24	2360000	36928	0.016127
(1999170,2035234)(2360000,2399999)(2360000,2400000)	NC_037125.1f20t24	2380000	36066	0.030424
(2016708,2055117)(2380000,2419999)(2380000,2420000)	NC_037125.1f20t24	2400000	38411	0.025948
(2035235,2072938)(2400000,2439999)(2400000,2440000)	NC_037125.1f20t24	2420000	37705	0.015197
(2055118,2092666)(2420000,2459999)(2420000,2460000)	NC_037125.1f20t24	2440000	37550	0.020353
(2072939,2111829)(2440000,2479999)(2440000,2480000)	NC_037125.1f20t24	2460000	38892	0.022740
(2092667,2131738)(2460000,2499999)(2460000,2500000)	NC_037125.1f20t24	2480000	39073	0.021832
(2111830,2151308)(2480000,2519592)(2480000,2520000)	NC_037125.1f20t24	2500000	39480	0.030526
(2131739,2169716)(2500000,2539999)(2500000,2540000)	NC_037125.1f20t24	2520000	37979	0.028926
(2151309,2189691)(2521256,2559999)(2520000,2560000)	NC_037125.1f20t24	2540000	38384	0.024461
(2169717,2209372)(2540000,2579999)(2540000,2580000)	NC_037125.1f20t24	2560000	39657	0.011995
(2189692,2227709)(2560000,2599999)(2560000,2600000)	NC_037125.1f20t24	2580000	38019	0.008374
(2209373,2247483)(2580000,2619999)(2580000,2620000)	NC_037125.1f20t24	2600000	38112	0.020130
(2227710,2267359)(2600000,2639999)(2600000,2640000)	NC_037125.1f20t24	2620000	39651	0.042554
(2247484,2286681)(2620000,2659999)(2620000,2660000)	NC_037125.1f20t24	2640000	39199	0.039010
(2267360,2306637)(2640000,2679999)(2640000,2680000)	NC_037125.1f20t24	2660000	39279	0.027033
(2286682,2326566)(2660000,2699999)(2660000,2700000)	NC_037125.1f20t24	2680000	39886	0.019902
(2306638,2346512)(2680000,2719999)(2680000,2720000)	NC_037125.1f20t24	2700000	39876	0.017941
(2326567,2363164)(2700000,2739064)(2700000,2740000)	NC_037125.1f20t24	2720000	36599	0.013928
(2346513,2379599)(2720000,2759999)(2720000,2760000)	NC_037125.1f20t24	2740000	33088	0.015088
(2363165,2399152)(2741394,2779996)(2740000,2780000)	NC_037125.1f20t24	2760000	35989	0.018264
(2379600,2418151)(2760000,2799999)(2760000,2800000)	NC_037125.1f20t24	2780000	38553	0.020240
(2399153,2436740)(2780000,2819999)(2780000,2820000)	NC_037125.1f20t24	2800000	37589	0.016212
(2418152,2456700)(2800000,2839999)(2800000,2840000)	NC_037125.1f20t24	2820000	38550	0.016302
(2436741,2476606)(2820000,2859999)(2820000,2860000)	NC_037125.1f20t24	2840000	39867	0.019515
(2456701,2494425)(2840000,2879999)(2840000,2880000)	NC_037125.1f20t24	2860000	37726	0.022852
(2476607,2513199)(2860000,2899999)(2860000,2900000)	NC_037125.1f20t24	2880000	36594	0.022281
(2494426,2533014)(2880000,2919999)(2880000,2920000)	NC_037125.1f20t24	2900000	38590	0.025337
(2513200,2552799)(2900000,2939999)(2900000,2940000)	NC_037125.1f20t24	2920000	39601	0.024733
(2533015,2572074)(2920000,2959999)(2920000,2960000)	NC_037125.1f20t24	2940000	39061	0.020050
(2552800,2592072)(2940000,2979999)(2940000,2980000)	NC_037125.1f20t24	2960000	39274	0.024917
(2572075,2611987)(2960000,2999999)(2960000,3000000)	NC_037125.1f20t24	2980000	39914	0.025883
(2592073,2631645)(2980000,3019999)(2980000,3020000)	NC_037125.1f20t24	3000000	39574	0.028458
(2611988,2651483)(3000000,3039999)(3000000,3040000)	NC_037125.1f20t24	3020000	39497	0.023798
(2631646,2671426)(3020000,3059999)(3020000,3060000)	NC_037125.1f20t24	3040000	39782	0.014512
(2651484,2691377)(3040000,3079999)(3040000,3080000)	NC_037125.1f20t24	3060000	39895	0.017424
(2671427,2706774)(3060000,3099999)(3060000,3100000)	NC_037125.1f20t24	3080000	35349	0.023951
(2691378,2723567)(3080000,3119999)(3080000,3120000)	NC_037125.1f20t24	3100000	32191	0.024114
(2706775,2742696)(3100000,3139999)(3100000,3140000)	NC_037125.1f20t24	3120000	35923	0.019764
(2723568,2760448)(3120000,3159999)(3120000,3160000)	NC_037125.1f20t24	3140000	36882	0.023219
(2742697,2777922)(3140000,3179999)(3140000,3180000)	NC_037125.1f20t24	3160000	35227	0.018563
(2760449,2797512)(3160000,3199955)(3160000,3200000)	NC_037125.1f20t24	3180000	37065	0.017360
(2777923,2816329)(3180000,3219999)(3180000,3220000)	NC_037125.1f20t24	3200000	38408	0.027077
(2797513,2836286)(3200047,3239999)(3200000,3240000)	NC_037125.1f20t24	3220000	38775	0.026824
(2816330,2855870)(3220000,3259641)(3220000,3260000)	NC_037125.1f20t24	3240000	39542	0.029407
(2836287,2870221)(3240000,3279999)(3240000,3280000)	NC_037125.1f20t24	3260000	33936	0.023759
(2855871,2890214)(3262808,3299999)(3260000,3300000)	NC_037125.1f20t24	3280000	34345	0.028610
(2870222,2910084)(3280000,3319999)(3280000,3320000)	NC_037125.1f20t24	3300000	39864	0.034211
(2890215,2929265)(3300000,3339999)(3300000,3340000)	NC_037125.1f20t24	3320000	39052	0.023456
(2910085,2949168)(3320000,3359999)(3320000,3360000)	NC_037125.1f20t24	3340000	39085	0.020830
(2929266,2967669)(3340000,3379999)(3340000,3380000)	NC_037125.1f20t24	3360000	38405	0.016462
(2949169,2987594)(3360000,3399999)(3360000,3400000)	NC_037125.1f20t24	3380000	38427	0.010865
(2967670,3007557)(3380000,3419999)(3380000,3420000)	NC_037125.1f20t24	3400000	39889	0.023992
(2987595,3026366)(3400000,3439999)(3400000,3440000)	NC_037125.1f20t24	3420000	38773	0.023711
(3007558,3046316)(3420000,3459999)(3420000,3460000)	NC_037125.1f20t24	3440000	38760	0.033077
(3026367,3065594)(3440000,3479999)(3440000,3480000)	NC_037125.1f20t24	3460000	39229	0.041511
(3046317,3085267)(3460000,3499999)(3460000,3500000)	NC_037125.1f20t24	3480000	38952	0.028296
(3065595,3105106)(3480000,3519999)(3480000,3520000)	NC_037125.1f20t24	3500000	39513	0.029770
(3085268,3124874)(3500000,3539999)(3500000,3540000)	NC_037125.1f20t24	3520000	39608	0.026269
(3105107,3144547)(3520000,3559999)(3520000,3560000)	NC_037125.1f20t24	3540000	39442	0.019301
(3124875,3164445)(3540000,3579999)(3540000,3580000)	NC_037125.1f20t24	3560000	39572	0.020668
(3144548,3183503)(3560000,3599999)(3560000,3600000)	NC_037125.1f20t24	3580000	38957	0.016721
(3164446,3203179)(3580000,3619999)(3580000,3620000)	NC_037125.1f20t24	3600000	38735	0.021938
(3183504,3223057)(3600000,3639999)(3600000,3640000)	NC_037125.1f20t24	3620000	39555	0.031264
(3203180,3240398)(3620000,3659999)(3620000,3660000)	NC_037125.1f20t24	3640000	37220	0.018056
(3223058,3260109)(3640000,3679999)(3640000,3680000)	NC_037125.1f20t24	3660000	37053	0.016004
(3240399,3278568)(3660000,3698948)(3660000,3700000)	NC_037125.1f20t24	3680000	38171	0.021231
(3260110,3297340)(3680000,3719999)(3680000,3720000)	NC_037125.1f20t24	3700000	37232	0.019138
(3278569,3313822)(3701157,3739999)(3700000,3740000)	NC_037125.1f20t24	3720000	35255	0.022677
(3297341,3332857)(3720000,3759999)(3720000,3760000)	NC_037125.1f20t24	3740000	35518	0.027631
(3313823,3352826)(3740000,3779999)(3740000,3780000)	NC_037125.1f20t24	3760000	39005	0.014762
(3332858,3372740)(3760000,3799999)(3760000,3800000)	NC_037125.1f20t24	3780000	39884	0.009258
(3352827,3391599)(3780000,3819999)(3780000,3820000)	NC_037125.1f20t24	3800000	38774	0.017165
(3372741,3411059)(3800000,3839757)(3800000,3840000)	NC_037125.1f20t24	3820000	38320	0.018306
(3391600,3422666)(3820000,3859999)(3820000,3860000)	NC_037125.1f20t24	3840000	31068	0.018035
(3411060,3442634)(3841299,3879999)(3840000,3880000)	NC_037125.1f20t24	3860000	31576	0.012560
(3422667,3462547)(3860000,3899999)(3860000,3900000)	NC_037125.1f20t24	3880000	39882	0.009651
(3442635,3482349)(3880000,3919999)(3880000,3920000)	NC_037125.1f20t24	3900000	39716	0.016766
(3462548,3502235)(3900000,3939999)(3900000,3940000)	NC_037125.1f20t24	3920000	39689	0.016921
(3482350,3521785)(3920000,3959999)(3920000,3960000)	NC_037125.1f20t24	3940000	39437	0.016576
(3502236,3541732)(3940000,3979999)(3940000,3980000)	NC_037125.1f20t24	3960000	39498	0.020996
